signal,threshold_p95,start_time,end_time,duration_hours,peak_value,fault_rate_percent
gw_lvl_site2_anomaly_score,75.79,2022-10-23 00:00:00,2022-10-31 23:00:00,216,100.0,55.55555555555556
gw_temp_site2_anomaly_score,75.69,2022-09-13 00:00:00,2022-09-16 23:00:00,96,78.92,100.0
4700008966_kW,0.028974043199999994,2022-06-14 10:00:00,2022-06-17 09:00:00,72,99.07577,100.0
4700008966_power_hour,0.028974043199999994,2022-06-14 10:00:00,2022-06-17 09:00:00,72,99.07577,100.0
gw_lvl_site2_anomaly_score,75.79,2022-06-20 00:00:00,2022-06-22 23:00:00,72,78.9,100.0
326416_ws_vigor,12.49281,2022-12-12 00:00:00,2022-12-13 23:00:00,48,94.24602,100.0
279831_ws_temp,0.0,2022-12-13 06:00:00,2022-12-14 23:00:00,42,28.114777,100.0
4700008966_kW,0.028974043199999994,2022-06-18 01:00:00,2022-06-19 12:00:00,36,55.475597,100.0
4700008966_power_hour,0.028974043199999994,2022-06-18 01:00:00,2022-06-19 12:00:00,36,55.475597,100.0
279831_ws_temp,0.0,2022-12-18 06:00:00,2022-12-19 17:00:00,36,22.417828,100.0
326417_ws_temp,0.0,2022-02-12 00:00:00,2022-02-12 23:00:00,24,46.671303,100.0
326416_ws_vigor,12.49281,2022-03-10 00:00:00,2022-03-10 23:00:00,24,55.107727,100.0
279831_ws_temp,0.0,2022-04-10 00:00:00,2022-04-10 23:00:00,24,28.46656,100.0
326416_ws_vigor,12.49281,2022-04-10 00:00:00,2022-04-10 23:00:00,24,47.044903,100.0
gw_temp_site2_anomaly_score,75.69,2022-04-13 00:00:00,2022-04-13 23:00:00,24,100.0,100.0
gw_temp_site2_anomaly_score,75.69,2022-05-04 00:00:00,2022-05-04 23:00:00,24,100.0,100.0
gw_temp_site2_anomaly_score,75.69,2022-06-04 00:00:00,2022-06-04 23:00:00,24,100.0,100.0
gw_lvl_site2_anomaly_score,75.79,2022-06-13 00:00:00,2022-06-13 23:00:00,24,97.05,100.0
gw_lvl_site2_anomaly_score,75.79,2022-06-16 00:00:00,2022-06-16 23:00:00,24,88.28,100.0
gw_temp_site2_anomaly_score,75.69,2022-07-04 00:00:00,2022-07-04 23:00:00,24,100.0,100.0
gw_temp_site2_anomaly_score,75.69,2022-08-04 00:00:00,2022-08-04 23:00:00,24,100.0,100.0
gw_temp_site2_anomaly_score,75.69,2022-09-04 00:00:00,2022-09-04 23:00:00,24,100.0,100.0
gw_temp_site2_anomaly_score,75.69,2022-10-04 00:00:00,2022-10-04 23:00:00,24,100.0,100.0
279805_ws_vigor,0.0,2022-10-06 00:00:00,2022-10-06 23:00:00,24,91.95816,100.0
279804_ws_level,0.0,2022-10-06 00:00:00,2022-10-06 23:00:00,24,64.9093,100.0
279625_ws_temp,0.0,2022-10-06 00:00:00,2022-10-06 23:00:00,24,45.561867,100.0
279623_ws_vigor,0.0,2022-10-06 00:00:00,2022-10-06 23:00:00,24,45.597984,100.0
gw_temp_site2_anomaly_score,75.69,2022-11-04 00:00:00,2022-11-04 23:00:00,24,100.0,100.0
279805_ws_vigor,0.0,2022-11-06 00:00:00,2022-11-06 23:00:00,24,38.50796,100.0
279804_ws_level,0.0,2022-11-06 00:00:00,2022-11-06 23:00:00,24,0.9826158,100.0
279625_ws_temp,0.0,2022-11-06 00:00:00,2022-11-06 23:00:00,24,10.406644,100.0
279623_ws_vigor,0.0,2022-11-06 00:00:00,2022-11-06 23:00:00,24,4.9125333,100.0
326416_ws_vigor,12.49281,2022-11-12 00:00:00,2022-11-12 23:00:00,24,61.27368,100.0
gw_temp_site2_anomaly_score,75.69,2022-12-04 00:00:00,2022-12-04 23:00:00,24,100.0,100.0
279805_ws_vigor,0.0,2022-12-06 00:00:00,2022-12-06 23:00:00,24,31.33071,100.0
279804_ws_level,0.0,2022-12-06 00:00:00,2022-12-06 23:00:00,24,0.52417356,100.0
279625_ws_temp,0.0,2022-12-06 00:00:00,2022-12-06 23:00:00,24,2.2274883,100.0
279623_ws_vigor,0.0,2022-12-06 00:00:00,2022-12-06 23:00:00,24,0.44656792,100.0
279805_ws_vigor,0.0,2022-12-18 00:00:00,2022-12-18 23:00:00,24,21.409298,100.0
4608927500_kvar_hour,0.0,2022-08-20 00:00:00,2022-08-20 18:00:00,19,72.56709,100.0
326416_ws_vigor,12.49281,2022-02-10 00:00:00,2022-02-10 17:00:00,18,54.873108,100.0
279831_ws_temp,0.0,2022-04-11 06:00:00,2022-04-11 23:00:00,18,26.21358,100.0
279805_ws_vigor,0.0,2022-05-10 00:00:00,2022-05-10 17:00:00,18,18.923113,100.0
279831_ws_temp,0.0,2022-05-11 00:00:00,2022-05-11 17:00:00,18,40.005177,100.0
279625_ws_temp,0.0,2022-05-29 12:00:00,2022-05-30 05:00:00,18,67.27056,33.33333333333333
279623_ws_vigor,0.0,2022-05-29 12:00:00,2022-05-30 05:00:00,18,67.27056,33.33333333333333
279805_ws_vigor,0.0,2022-06-10 06:00:00,2022-06-10 23:00:00,18,17.080309,100.0
279623_ws_vigor,0.0,2022-06-13 00:00:00,2022-06-13 17:00:00,18,0.25637093,100.0
279625_ws_temp,0.0,2022-06-13 18:00:00,2022-06-14 11:00:00,18,1.2493243,100.0
279805_ws_vigor,0.0,2022-06-14 00:00:00,2022-06-14 17:00:00,18,18.71166,100.0
279623_ws_vigor,0.0,2022-06-14 00:00:00,2022-06-14 17:00:00,18,1.3272582,100.0
279804_ws_level,0.0,2022-07-06 06:00:00,2022-07-06 23:00:00,18,0.8181406,100.0
279805_ws_vigor,0.0,2022-09-06 06:00:00,2022-09-06 23:00:00,18,87.56097,100.0
279804_ws_level,0.0,2022-09-06 06:00:00,2022-09-06 23:00:00,18,85.68549,100.0
279805_ws_vigor,0.0,2022-09-21 00:00:00,2022-09-21 17:00:00,18,14.859343,100.0
279804_ws_level,0.0,2022-10-05 00:00:00,2022-10-05 17:00:00,18,1.8494104,0.0
279805_ws_vigor,0.0,2022-10-17 00:00:00,2022-10-17 17:00:00,18,17.014421,100.0
279805_ws_vigor,0.0,2022-10-26 12:00:00,2022-10-27 05:00:00,18,14.04887,100.0
4700008966_kW,0.028974043199999994,2022-10-08 00:00:00,2022-10-08 16:00:00,17,73.80825,100.0
4700008966_power_hour,0.028974043199999994,2022-10-08 00:00:00,2022-10-08 16:00:00,17,73.80825,100.0
4608927500_kvar_hour,0.0,2022-04-19 14:00:00,2022-04-20 04:00:00,15,7.780993,66.66666666666666
4700008966_kW,0.028974043199999994,2022-09-08 09:00:00,2022-09-08 23:00:00,15,73.28938,100.0
4700008966_power_hour,0.028974043199999994,2022-09-08 09:00:00,2022-09-08 23:00:00,15,73.28938,100.0
temp_site1_anomaly_score,47.88,2022-12-13 15:00:00,2022-12-14 04:00:00,14,91.76,100.0
temp_site1_anomaly_score,47.88,2022-01-07 06:00:00,2022-01-07 18:00:00,13,93.39,0.0
4608927500_kvar_hour,0.0,2022-03-06 00:00:00,2022-03-06 12:00:00,13,99.005875,100.0
temp_site1_anomaly_score,47.88,2022-06-30 06:00:00,2022-06-30 18:00:00,13,97.0,100.0
temp_site1_anomaly_score,47.88,2022-07-21 06:00:00,2022-07-21 18:00:00,13,100.0,100.0
sfc_temp_site1_anomaly_score,47.41,2022-12-17 19:00:00,2022-12-18 07:00:00,13,85.59,100.0
temp_site1_anomaly_score,47.88,2022-12-17 20:00:00,2022-12-18 08:00:00,13,91.76,100.0
326417_ws_temp,0.0,2022-01-08 06:00:00,2022-01-08 17:00:00,12,30.892414,100.0
326417_ws_temp,0.0,2022-01-12 12:00:00,2022-01-12 23:00:00,12,52.89561,100.0
279805_ws_vigor,0.0,2022-01-13 06:00:00,2022-01-13 17:00:00,12,54.78728,100.0
279804_ws_level,0.0,2022-01-13 06:00:00,2022-01-13 17:00:00,12,54.78728,100.0
sfc_temp_site1_anomaly_score,47.41,2022-01-23 20:00:00,2022-01-24 07:00:00,12,92.35,100.0
4608927500_kvar_hour,0.0,2022-02-06 12:00:00,2022-02-06 23:00:00,12,74.45923,100.0
279805_ws_vigor,0.0,2022-02-17 18:00:00,2022-02-18 05:00:00,12,15.081477,0.0
279831_ws_temp,0.0,2022-03-03 06:00:00,2022-03-03 17:00:00,12,0.43047076,100.0
279805_ws_vigor,0.0,2022-04-10 12:00:00,2022-04-10 23:00:00,12,18.50835,100.0
326416_ws_vigor,12.49281,2022-05-10 00:00:00,2022-05-10 11:00:00,12,30.02729,100.0
279804_ws_level,0.0,2022-06-06 06:00:00,2022-06-06 17:00:00,12,0.6351738,100.0
279623_ws_vigor,0.0,2022-06-15 00:00:00,2022-06-15 11:00:00,12,0.1345144,100.0
326416_ws_vigor,12.49281,2022-07-09 12:00:00,2022-07-09 23:00:00,12,89.77493,100.0
326417_ws_temp,0.0,2022-08-11 06:00:00,2022-08-11 17:00:00,12,32.80521,100.0
4700008966_kW,0.028974043199999994,2022-08-17 20:00:00,2022-08-18 07:00:00,12,45.40458,100.0
4700008966_power_hour,0.028974043199999994,2022-08-17 20:00:00,2022-08-18 07:00:00,12,45.40458,100.0
279625_ws_temp,0.0,2022-09-06 12:00:00,2022-09-06 23:00:00,12,61.990696,100.0
279623_ws_vigor,0.0,2022-09-06 12:00:00,2022-09-06 23:00:00,12,61.99111,100.0
326417_ws_temp,0.0,2022-09-11 00:00:00,2022-09-11 11:00:00,12,47.034996,100.0
4700008966_kW,0.028974043199999994,2022-09-12 12:00:00,2022-09-12 23:00:00,12,75.68698,100.0
4700008966_power_hour,0.028974043199999994,2022-09-12 12:00:00,2022-09-12 23:00:00,12,75.68698,100.0
326416_ws_vigor,12.49281,2022-09-25 06:00:00,2022-09-25 17:00:00,12,33.17992,100.0
279805_ws_vigor,0.0,2022-10-12 06:00:00,2022-10-12 17:00:00,12,31.7272,100.0
279804_ws_level,0.0,2022-10-12 06:00:00,2022-10-12 17:00:00,12,70.014114,100.0
326417_ws_temp,0.0,2022-11-18 06:00:00,2022-11-18 17:00:00,12,10.7204,100.0
326417_ws_temp,0.0,2022-11-22 12:00:00,2022-11-22 23:00:00,12,26.52268,100.0
sfc_temp_site1_anomaly_score,47.41,2022-12-13 15:00:00,2022-12-14 02:00:00,12,92.35,100.0
4608927500_kvar_hour,0.0,2022-03-22 02:00:00,2022-03-22 12:00:00,11,98.14242,0.0
temp_site1_anomaly_score,47.88,2022-05-08 07:00:00,2022-05-08 17:00:00,11,91.28,100.0
4408411600_power_hour,0.22959332949999978,2022-05-24 00:00:00,2022-05-24 10:00:00,11,0.7926079,0.0
4700008966_kW,0.028974043199999994,2022-06-25 11:00:00,2022-06-25 21:00:00,11,0.6719728,100.0
4700008966_power_hour,0.028974043199999994,2022-06-25 11:00:00,2022-06-25 21:00:00,11,0.6719728,100.0
temp_site1_anomaly_score,47.88,2022-06-29 07:00:00,2022-06-29 17:00:00,11,92.9,100.0
temp_site1_anomaly_score,47.88,2022-07-20 07:00:00,2022-07-20 17:00:00,11,96.18,100.0
temp_site1_anomaly_score,47.88,2022-07-22 07:00:00,2022-07-22 17:00:00,11,98.33,100.0
temp_site1_anomaly_score,47.88,2022-08-18 07:00:00,2022-08-18 17:00:00,11,88.39,100.0
4608927500_kvar_hour,0.0,2022-08-21 07:00:00,2022-08-21 17:00:00,11,0.38918185,100.0
4408411600_power_hour,0.22959332949999978,2022-09-28 21:00:00,2022-09-29 07:00:00,11,87.91495,100.0
4700008966_kW,0.028974043199999994,2022-12-16 04:00:00,2022-12-16 14:00:00,11,23.87035,100.0
4700008966_power_hour,0.028974043199999994,2022-12-16 04:00:00,2022-12-16 14:00:00,11,23.87035,100.0
4608927500_kvar_hour,0.0,2022-02-17 15:00:00,2022-02-18 00:00:00,10,0.90116125,0.0
temp_site1_anomaly_score,47.88,2022-04-07 07:00:00,2022-04-07 16:00:00,10,70.3,0.0
4700008966_kW,0.028974043199999994,2022-06-12 01:00:00,2022-06-12 10:00:00,10,56.167595,100.0
4700008966_power_hour,0.028974043199999994,2022-06-12 01:00:00,2022-06-12 10:00:00,10,56.167595,100.0
sfc_temp_site1_anomaly_score,47.41,2022-07-20 07:00:00,2022-07-20 16:00:00,10,95.93,100.0
sfc_temp_site1_anomaly_score,47.41,2022-07-21 07:00:00,2022-07-21 16:00:00,10,100.0,100.0
sfc_temp_site1_anomaly_score,47.41,2022-07-22 07:00:00,2022-07-22 16:00:00,10,100.0,100.0
temp_site1_anomaly_score,47.88,2022-07-23 06:00:00,2022-07-23 15:00:00,10,98.5,100.0
temp_site1_anomaly_score,47.88,2022-08-17 07:00:00,2022-08-17 16:00:00,10,83.18,100.0
sfc_temp_site1_anomaly_score,47.41,2022-12-18 15:00:00,2022-12-19 00:00:00,10,83.82,100.0
sfc_temp_site1_anomaly_score,47.41,2022-01-07 08:00:00,2022-01-07 16:00:00,9,77.98,0.0
4700008966_kW,0.028974043199999994,2022-01-15 14:00:00,2022-01-15 22:00:00,9,0.7521761,100.0
4700008966_power_hour,0.028974043199999994,2022-01-15 14:00:00,2022-01-15 22:00:00,9,0.7521761,100.0
temp_site1_anomaly_score,47.88,2022-01-15 23:00:00,2022-01-16 07:00:00,9,76.96,100.0
sfc_temp_site1_anomaly_score,47.41,2022-01-15 23:00:00,2022-01-16 07:00:00,9,80.03,100.0
temp_site1_anomaly_score,47.88,2022-01-24 16:00:00,2022-01-25 00:00:00,9,88.87,100.0
4608927500_kvar_hour,0.0,2022-01-26 16:00:00,2022-01-27 00:00:00,9,3.551178,100.0
temp_site1_anomaly_score,47.88,2022-06-27 09:00:00,2022-06-27 17:00:00,9,70.3,100.0
4608927500_kvar_hour,0.0,2022-07-02 15:00:00,2022-07-02 23:00:00,9,26.79957,100.0
sfc_temp_site1_anomaly_score,47.41,2022-07-19 08:00:00,2022-07-19 16:00:00,9,87.82,100.0
sfc_temp_site1_anomaly_score,47.41,2022-07-23 06:00:00,2022-07-23 14:00:00,9,99.05,100.0
sfc_temp_site1_anomaly_score,47.41,2022-07-25 08:00:00,2022-07-25 16:00:00,9,88.27,100.0
4408411600_power_hour,0.22959332949999978,2022-11-06 11:00:00,2022-11-06 19:00:00,9,29.21349,100.0
temp_site1_anomaly_score,47.88,2022-12-18 16:00:00,2022-12-19 00:00:00,9,83.22,100.0
temp_site1_anomaly_score,47.88,2022-01-23 00:00:00,2022-01-23 07:00:00,8,86.48,100.0
sfc_temp_site1_anomaly_score,47.41,2022-01-23 00:00:00,2022-01-23 07:00:00,8,87.64,100.0
temp_site1_anomaly_score,47.88,2022-01-24 00:00:00,2022-01-24 07:00:00,8,92.74,100.0
sfc_temp_site1_anomaly_score,47.41,2022-04-08 08:00:00,2022-04-08 15:00:00,8,75.0,100.0
temp_site1_anomaly_score,47.88,2022-04-08 09:00:00,2022-04-08 16:00:00,8,72.11,100.0
sfc_temp_site1_anomaly_score,47.41,2022-05-08 08:00:00,2022-05-08 15:00:00,8,81.63,100.0
temp_site1_anomaly_score,47.88,2022-06-20 09:00:00,2022-06-20 16:00:00,8,64.13,100.0
sfc_temp_site1_anomaly_score,47.41,2022-06-30 09:00:00,2022-06-30 16:00:00,8,75.42,100.0
sfc_temp_site1_anomaly_score,47.41,2022-07-01 00:00:00,2022-07-01 07:00:00,8,82.82,100.0
temp_site1_anomaly_score,47.88,2022-07-01 16:00:00,2022-07-01 23:00:00,8,76.2,100.0
sfc_temp_site1_anomaly_score,47.41,2022-07-01 16:00:00,2022-07-01 23:00:00,8,82.06,100.0
4408411600_power_hour,0.22959332949999978,2022-07-12 08:00:00,2022-07-12 15:00:00,8,3.717798,100.0
temp_site1_anomaly_score,47.88,2022-07-19 09:00:00,2022-07-19 16:00:00,8,74.66,100.0
temp_site1_anomaly_score,47.88,2022-07-25 10:00:00,2022-07-25 17:00:00,8,73.01,100.0
temp_site1_anomaly_score,47.88,2022-08-01 00:00:00,2022-08-01 07:00:00,8,90.79,100.0
sfc_temp_site1_anomaly_score,47.41,2022-08-01 00:00:00,2022-08-01 07:00:00,8,91.29,100.0
temp_site1_anomaly_score,47.88,2022-08-16 08:00:00,2022-08-16 15:00:00,8,65.33,100.0
sfc_temp_site1_anomaly_score,47.41,2022-08-17 08:00:00,2022-08-17 15:00:00,8,74.18,100.0
sfc_temp_site1_anomaly_score,47.41,2022-08-18 08:00:00,2022-08-18 15:00:00,8,74.29,100.0
temp_site1_anomaly_score,47.88,2022-08-19 07:00:00,2022-08-19 14:00:00,8,87.75,100.0
temp_site1_anomaly_score,47.88,2022-12-01 00:00:00,2022-12-01 07:00:00,8,83.07,100.0
sfc_temp_site1_anomaly_score,47.41,2022-12-01 00:00:00,2022-12-01 07:00:00,8,76.06,100.0
temp_site1_anomaly_score,47.88,2022-12-01 16:00:00,2022-12-01 23:00:00,8,73.13,100.0
sfc_temp_site1_anomaly_score,47.41,2022-01-24 15:00:00,2022-01-24 21:00:00,7,88.69,100.0
sfc_temp_site1_anomaly_score,47.41,2022-03-08 09:00:00,2022-03-08 15:00:00,7,67.48,100.0
temp_site1_anomaly_score,47.88,2022-03-08 10:00:00,2022-03-08 16:00:00,7,62.49,100.0
temp_site1_anomaly_score,47.88,2022-06-26 10:00:00,2022-06-26 16:00:00,7,62.89,100.0
sfc_temp_site1_anomaly_score,47.41,2022-06-29 09:00:00,2022-06-29 15:00:00,7,72.23,100.0
temp_site1_anomaly_score,47.88,2022-07-01 01:00:00,2022-07-01 07:00:00,7,90.47,100.0
temp_site1_anomaly_score,47.88,2022-07-14 11:00:00,2022-07-14 17:00:00,7,82.24,100.0
sfc_temp_site1_anomaly_score,47.41,2022-07-24 09:00:00,2022-07-24 15:00:00,7,75.56,100.0
temp_site1_anomaly_score,47.88,2022-07-24 10:00:00,2022-07-24 16:00:00,7,60.71,100.0
sfc_temp_site1_anomaly_score,47.41,2022-07-28 08:00:00,2022-07-28 14:00:00,7,75.56,100.0
sfc_temp_site1_anomaly_score,47.41,2022-07-29 07:00:00,2022-07-29 13:00:00,7,91.29,100.0
temp_site1_anomaly_score,47.88,2022-11-03 00:00:00,2022-11-03 06:00:00,7,91.6,100.0
sfc_temp_site1_anomaly_score,47.41,2022-11-03 00:00:00,2022-11-03 06:00:00,7,91.08,100.0
4408411600_power_hour,0.22959332949999978,2022-12-20 19:00:00,2022-12-21 01:00:00,7,0.949887,100.0
319235_ws_temp,0.0,2022-01-10 18:00:00,2022-01-10 23:00:00,6,38.60474,100.0
326416_ws_vigor,12.49281,2022-01-10 18:00:00,2022-01-10 23:00:00,6,23.568117,100.0
4608927500_kvar_hour,0.0,2022-01-18 08:00:00,2022-01-18 13:00:00,6,2.7978973,100.0
sfc_temp_site1_anomaly_score,47.41,2022-02-08 10:00:00,2022-02-08 15:00:00,6,52.62,100.0
319235_ws_temp,0.0,2022-02-10 18:00:00,2022-02-10 23:00:00,6,27.65088,100.0
279623_ws_vigor,0.0,2022-02-11 12:00:00,2022-02-11 17:00:00,6,26.846037,100.0
sfc_temp_site1_anomaly_score,47.41,2022-02-13 01:00:00,2022-02-13 06:00:00,6,64.61,100.0
4700008966_kW,0.028974043199999994,2022-02-16 03:00:00,2022-02-16 08:00:00,6,0.33954298,0.0
4700008966_power_hour,0.028974043199999994,2022-02-16 03:00:00,2022-02-16 08:00:00,6,0.33954298,0.0
279831_ws_temp,0.0,2022-02-18 12:00:00,2022-02-18 17:00:00,6,0.01203963,0.0
279831_ws_temp,0.0,2022-02-21 06:00:00,2022-02-21 11:00:00,6,64.255775,0.0
279625_ws_temp,0.0,2022-03-06 18:00:00,2022-03-06 23:00:00,6,0.21745056,100.0
279623_ws_vigor,0.0,2022-03-06 18:00:00,2022-03-06 23:00:00,6,0.12564147,100.0
sfc_temp_site1_anomaly_score,47.41,2022-03-07 10:00:00,2022-03-07 15:00:00,6,63.51,0.0
temp_site1_anomaly_score,47.88,2022-03-07 11:00:00,2022-03-07 16:00:00,6,64.77,0.0
279831_ws_temp,0.0,2022-03-10 00:00:00,2022-03-10 05:00:00,6,12.235582,100.0
319235_ws_temp,0.0,2022-03-10 18:00:00,2022-03-10 23:00:00,6,31.73665,100.0
279831_ws_temp,0.0,2022-03-10 18:00:00,2022-03-10 23:00:00,6,33.313953,100.0
326417_ws_temp,0.0,2022-03-12 00:00:00,2022-03-12 05:00:00,6,26.08086,100.0
sfc_temp_site1_anomaly_score,47.41,2022-03-13 00:00:00,2022-03-13 05:00:00,6,74.2,100.0
319235_ws_temp,0.0,2022-04-10 18:00:00,2022-04-10 23:00:00,6,46.10409,100.0
326416_ws_vigor,12.49281,2022-04-11 12:00:00,2022-04-11 17:00:00,6,26.26387,100.0
4608927500_kvar_hour,0.0,2022-05-01 06:00:00,2022-05-01 11:00:00,6,84.95772,100.0
279804_ws_level,0.0,2022-05-10 12:00:00,2022-05-10 17:00:00,6,12.140455,100.0
319235_ws_temp,0.0,2022-05-10 18:00:00,2022-05-10 23:00:00,6,54.40761,100.0
279623_ws_vigor,0.0,2022-05-26 06:00:00,2022-05-26 11:00:00,6,0.2880982,0.0
279625_ws_temp,0.0,2022-05-31 00:00:00,2022-05-31 05:00:00,6,4.5169997,100.0
4608927500_kvar_hour,0.0,2022-06-01 04:00:00,2022-06-01 09:00:00,6,1.0011523,100.0
279625_ws_temp,0.0,2022-06-06 12:00:00,2022-06-06 17:00:00,6,0.36512372,100.0
319235_ws_temp,0.0,2022-06-10 18:00:00,2022-06-10 23:00:00,6,62.71086,100.0
279831_ws_temp,0.0,2022-06-11 12:00:00,2022-06-11 17:00:00,6,13.062807,100.0
279805_ws_vigor,0.0,2022-06-13 00:00:00,2022-06-13 05:00:00,6,12.0001,100.0
279625_ws_temp,0.0,2022-06-13 06:00:00,2022-06-13 11:00:00,6,0.32307297,100.0
279804_ws_level,0.0,2022-06-14 00:00:00,2022-06-14 05:00:00,6,0.1675009,100.0
279804_ws_level,0.0,2022-06-14 12:00:00,2022-06-14 17:00:00,6,0.19379276,100.0
279625_ws_temp,0.0,2022-06-14 18:00:00,2022-06-14 23:00:00,6,1.969141,100.0
279805_ws_vigor,0.0,2022-06-17 00:00:00,2022-06-17 05:00:00,6,13.45509,100.0
temp_site1_anomaly_score,47.88,2022-06-28 11:00:00,2022-06-28 16:00:00,6,62.35,100.0
279831_ws_temp,0.0,2022-07-02 06:00:00,2022-07-02 11:00:00,6,1.287035,100.0
279805_ws_vigor,0.0,2022-07-10 00:00:00,2022-07-10 05:00:00,6,17.019793,100.0
279623_ws_vigor,0.0,2022-07-10 06:00:00,2022-07-10 11:00:00,6,15.542552,100.0
319235_ws_temp,0.0,2022-07-10 18:00:00,2022-07-10 23:00:00,6,71.29624,100.0
319235_ws_temp,0.0,2022-07-16 18:00:00,2022-07-16 23:00:00,6,31.615475,100.0
sfc_temp_site1_anomaly_score,47.41,2022-07-18 10:00:00,2022-07-18 15:00:00,6,67.48,100.0
326417_ws_temp,0.0,2022-07-24 12:00:00,2022-07-24 17:00:00,6,27.387003,100.0
temp_site1_anomaly_score,47.88,2022-07-29 08:00:00,2022-07-29 13:00:00,6,72.11,100.0
279804_ws_level,0.0,2022-08-06 00:00:00,2022-08-06 05:00:00,6,0.1393446,100.0
279625_ws_temp,0.0,2022-08-06 06:00:00,2022-08-06 11:00:00,6,0.085101366,100.0
326416_ws_vigor,12.49281,2022-08-09 12:00:00,2022-08-09 17:00:00,6,56.584927,100.0
319235_ws_temp,0.0,2022-08-10 18:00:00,2022-08-10 23:00:00,6,91.634445,100.0
sfc_temp_site1_anomaly_score,47.41,2022-08-15 09:00:00,2022-08-15 14:00:00,6,60.47,100.0
temp_site1_anomaly_score,47.88,2022-08-15 10:00:00,2022-08-15 15:00:00,6,65.06,100.0
326417_ws_temp,0.0,2022-08-19 12:00:00,2022-08-19 17:00:00,6,14.717496,100.0
279625_ws_temp,0.0,2022-08-19 18:00:00,2022-08-19 23:00:00,6,4.050586,100.0
279623_ws_vigor,0.0,2022-08-23 06:00:00,2022-08-23 11:00:00,6,5.400826,100.0
326417_ws_temp,0.0,2022-08-24 18:00:00,2022-08-24 23:00:00,6,32.929443,100.0
sfc_temp_site1_anomaly_score,47.41,2022-08-25 09:00:00,2022-08-25 14:00:00,6,64.98,0.0
temp_site1_anomaly_score,47.88,2022-08-26 08:00:00,2022-08-26 13:00:00,6,64.77,100.0
temp_site1_anomaly_score,47.88,2022-08-27 10:00:00,2022-08-27 15:00:00,6,61.63,100.0
temp_site1_anomaly_score,47.88,2022-09-01 02:00:00,2022-09-01 07:00:00,6,84.74,100.0
sfc_temp_site1_anomaly_score,47.41,2022-09-01 02:00:00,2022-09-01 07:00:00,6,83.53,100.0
279804_ws_level,0.0,2022-09-05 18:00:00,2022-09-05 23:00:00,6,81.22573,0.0
4700008966_kW,0.028974043199999994,2022-09-07 16:00:00,2022-09-07 21:00:00,6,0.30359772,0.0
4700008966_power_hour,0.028974043199999994,2022-09-07 16:00:00,2022-09-07 21:00:00,6,0.30359772,0.0
319235_ws_temp,0.0,2022-09-10 18:00:00,2022-09-10 23:00:00,6,21.620441,100.0
279831_ws_temp,0.0,2022-09-12 18:00:00,2022-09-12 23:00:00,6,29.227526,100.0
326416_ws_vigor,12.49281,2022-09-19 12:00:00,2022-09-19 17:00:00,6,17.315405,0.0
279623_ws_vigor,0.0,2022-09-21 06:00:00,2022-09-21 11:00:00,6,23.64826,100.0
279804_ws_level,0.0,2022-09-21 12:00:00,2022-09-21 17:00:00,6,12.159749,100.0
319235_ws_temp,0.0,2022-09-24 18:00:00,2022-09-24 23:00:00,6,0.1724122,100.0
319235_ws_temp,0.0,2022-09-25 18:00:00,2022-09-25 23:00:00,6,0.5992313,100.0
326416_ws_vigor,12.49281,2022-09-26 06:00:00,2022-09-26 11:00:00,6,37.438873,100.0
319235_ws_temp,0.0,2022-09-26 18:00:00,2022-09-26 23:00:00,6,0.7573874,100.0
319235_ws_temp,0.0,2022-09-27 18:00:00,2022-09-27 23:00:00,6,6.313486,100.0
319235_ws_temp,0.0,2022-09-28 18:00:00,2022-09-28 23:00:00,6,19.4179,100.0
319235_ws_temp,0.0,2022-09-29 18:00:00,2022-09-29 23:00:00,6,11.50129,100.0
319235_ws_temp,0.0,2022-09-30 18:00:00,2022-09-30 23:00:00,6,23.80053,100.0
319235_ws_temp,0.0,2022-10-10 18:00:00,2022-10-10 23:00:00,6,19.783792,100.0
279804_ws_level,0.0,2022-10-11 18:00:00,2022-10-11 23:00:00,6,2.807687,100.0
326417_ws_temp,0.0,2022-10-12 00:00:00,2022-10-12 05:00:00,6,18.701881,100.0
319235_ws_temp,0.0,2022-10-13 18:00:00,2022-10-13 23:00:00,6,2.2640462,100.0
319235_ws_temp,0.0,2022-10-14 18:00:00,2022-10-14 23:00:00,6,0.49914104,100.0
319235_ws_temp,0.0,2022-10-15 18:00:00,2022-10-15 23:00:00,6,0.05720565,100.0
279804_ws_level,0.0,2022-10-17 12:00:00,2022-10-17 17:00:00,6,16.66522,100.0
279805_ws_vigor,0.0,2022-10-25 12:00:00,2022-10-25 17:00:00,6,14.577975,100.0
sfc_temp_site1_anomaly_score,47.41,2022-11-03 18:00:00,2022-11-03 23:00:00,6,73.08,100.0
319235_ws_temp,0.0,2022-11-10 18:00:00,2022-11-10 23:00:00,6,17.920256,100.0
326416_ws_vigor,12.49281,2022-11-18 18:00:00,2022-11-18 23:00:00,6,17.67558,100.0
326416_ws_vigor,12.49281,2022-11-20 12:00:00,2022-11-20 17:00:00,6,15.56613,100.0
326416_ws_vigor,12.49281,2022-11-22 18:00:00,2022-11-22 23:00:00,6,21.89206,100.0
326417_ws_temp,0.0,2022-11-25 18:00:00,2022-11-25 23:00:00,6,19.68269,100.0
279625_ws_temp,0.0,2022-11-27 06:00:00,2022-11-27 11:00:00,6,17.146677,100.0
279623_ws_vigor,0.0,2022-11-27 06:00:00,2022-11-27 11:00:00,6,19.192535,100.0
326417_ws_temp,0.0,2022-11-27 06:00:00,2022-11-27 11:00:00,6,40.081455,100.0
326417_ws_temp,0.0,2022-11-29 18:00:00,2022-11-29 23:00:00,6,30.47159,100.0
279625_ws_temp,0.0,2022-11-30 06:00:00,2022-11-30 11:00:00,6,13.326541,100.0
326417_ws_temp,0.0,2022-11-30 18:00:00,2022-11-30 23:00:00,6,19.68269,100.0
sfc_temp_site1_anomaly_score,47.41,2022-12-01 17:00:00,2022-12-01 22:00:00,6,61.54,100.0
temp_site1_anomaly_score,47.88,2022-12-03 00:00:00,2022-12-03 05:00:00,6,82.76,100.0
sfc_temp_site1_anomaly_score,47.41,2022-12-03 00:00:00,2022-12-03 05:00:00,6,85.74,100.0
sfc_temp_site1_anomaly_score,47.41,2022-12-03 18:00:00,2022-12-03 23:00:00,6,68.76,100.0
319235_ws_temp,0.0,2022-12-10 18:00:00,2022-12-10 23:00:00,6,6.129196,100.0
279831_ws_temp,0.0,2022-12-16 06:00:00,2022-12-16 11:00:00,6,12.640383,100.0
279831_ws_temp,0.0,2022-12-17 18:00:00,2022-12-17 23:00:00,6,16.00389,100.0
279625_ws_temp,0.0,2022-12-24 12:00:00,2022-12-24 17:00:00,6,14.636614,100.0
279831_ws_temp,0.0,2022-12-25 12:00:00,2022-12-25 17:00:00,6,24.60112,100.0
sfc_temp_site1_anomaly_score,47.41,2022-12-28 01:00:00,2022-12-28 06:00:00,6,59.66,0.0
4408411600_kW,0.0,2022-04-13 13:00:00,2022-04-13 17:00:00,5,75.99658,100.0
4700008966_kW,0.028974043199999994,2022-06-19 23:00:00,2022-06-20 03:00:00,5,0.23766737,100.0
4700008966_power_hour,0.028974043199999994,2022-06-19 23:00:00,2022-06-20 03:00:00,5,0.23766737,100.0
sfc_temp_site1_anomaly_score,47.41,2022-06-27 11:00:00,2022-06-27 15:00:00,5,53.61,100.0
sfc_temp_site1_anomaly_score,47.41,2022-06-28 11:00:00,2022-06-28 15:00:00,5,53.61,100.0
4608927500_kvar_hour,0.0,2022-07-09 06:00:00,2022-07-09 10:00:00,5,82.89097,100.0
4408411600_power_hour,0.22959332949999978,2022-07-12 17:00:00,2022-07-12 21:00:00,5,93.92861,100.0
temp_site1_anomaly_score,47.88,2022-08-25 11:00:00,2022-08-25 15:00:00,5,59.72,0.0
sfc_temp_site1_anomaly_score,47.41,2022-08-27 10:00:00,2022-08-27 14:00:00,5,55.8,100.0
4700008966_kW,0.028974043199999994,2022-09-29 01:00:00,2022-09-29 05:00:00,5,22.26089,100.0
4700008966_power_hour,0.028974043199999994,2022-09-29 01:00:00,2022-09-29 05:00:00,5,22.26089,100.0
4700008966_kW,0.028974043199999994,2022-10-22 15:00:00,2022-10-22 19:00:00,5,0.19148175,100.0
4700008966_power_hour,0.028974043199999994,2022-10-22 15:00:00,2022-10-22 19:00:00,5,0.19148175,100.0
4608927500_kvar_hour,0.0,2022-11-08 19:00:00,2022-11-08 23:00:00,5,0.1343204,100.0
temp_site1_anomaly_score,47.88,2022-12-12 05:00:00,2022-12-12 09:00:00,5,59.69,100.0
4408411600_power_hour,0.22959332949999978,2022-12-19 06:00:00,2022-12-19 10:00:00,5,4.931096,100.0
sfc_temp_site1_anomaly_score,47.41,2022-01-18 22:00:00,2022-01-19 01:00:00,4,60.72,100.0
temp_site1_anomaly_score,47.88,2022-01-19 04:00:00,2022-01-19 07:00:00,4,82.76,100.0
sfc_temp_site1_anomaly_score,47.41,2022-01-29 04:00:00,2022-01-29 07:00:00,4,91.29,100.0
4608927500_kvar_hour,0.0,2022-02-02 08:00:00,2022-02-02 11:00:00,4,47.86438,100.0
4700008966_kW,0.028974043199999994,2022-02-17 03:00:00,2022-02-17 06:00:00,4,81.596535,0.0
4700008966_power_hour,0.028974043199999994,2022-02-17 03:00:00,2022-02-17 06:00:00,4,81.596535,0.0
temp_site1_anomaly_score,47.88,2022-04-04 01:00:00,2022-04-04 04:00:00,4,70.2,0.0
4608927500_kvar_hour,0.0,2022-04-06 01:00:00,2022-04-06 04:00:00,4,0.26457617,100.0
4408411600_kW,0.0,2022-04-14 12:00:00,2022-04-14 15:00:00,4,75.99658,100.0
4408411600_power_hour,0.22959332949999978,2022-05-10 15:00:00,2022-05-10 18:00:00,4,0.6640204,100.0
4608927500_kvar_hour,0.0,2022-05-11 13:00:00,2022-05-11 16:00:00,4,2.2733564,100.0
4700008966_kW,0.028974043199999994,2022-06-19 18:00:00,2022-06-19 21:00:00,4,11.807424,100.0
4700008966_power_hour,0.028974043199999994,2022-06-19 18:00:00,2022-06-19 21:00:00,4,11.807424,100.0
4700008966_kW,0.028974043199999994,2022-06-21 00:00:00,2022-06-21 03:00:00,4,0.41827607,100.0
4700008966_power_hour,0.028974043199999994,2022-06-21 00:00:00,2022-06-21 03:00:00,4,0.41827607,100.0
4700008966_kW,0.028974043199999994,2022-06-24 17:00:00,2022-06-24 20:00:00,4,0.28227234,100.0
4700008966_power_hour,0.028974043199999994,2022-06-24 17:00:00,2022-06-24 20:00:00,4,0.28227234,100.0
sfc_temp_site1_anomaly_score,47.41,2022-06-26 12:00:00,2022-06-26 15:00:00,4,49.63,100.0
sfc_temp_site1_anomaly_score,47.41,2022-07-13 10:00:00,2022-07-13 13:00:00,4,53.05,100.0
temp_site1_anomaly_score,47.88,2022-07-18 12:00:00,2022-07-18 15:00:00,4,50.41,100.0
temp_site1_anomaly_score,47.88,2022-07-28 11:00:00,2022-07-28 14:00:00,4,59.23,100.0
4700008966_kW,0.028974043199999994,2022-08-06 03:00:00,2022-08-06 06:00:00,4,84.49458,100.0
4700008966_power_hour,0.028974043199999994,2022-08-06 03:00:00,2022-08-06 06:00:00,4,84.49458,100.0
sfc_temp_site1_anomaly_score,47.41,2022-08-14 11:00:00,2022-08-14 14:00:00,4,52.49,100.0
temp_site1_anomaly_score,47.88,2022-08-14 12:00:00,2022-08-14 15:00:00,4,53.87,100.0
sfc_temp_site1_anomaly_score,47.41,2022-08-19 09:00:00,2022-08-19 12:00:00,4,67.34,100.0
sfc_temp_site1_anomaly_score,47.41,2022-08-26 09:00:00,2022-08-26 12:00:00,4,74.43,100.0
4408411600_kW,0.0,2022-09-25 17:00:00,2022-09-25 20:00:00,4,2.977778,100.0
4408411600_kW,0.0,2022-09-29 03:00:00,2022-09-29 06:00:00,4,86.895966,100.0
4408411600_power_hour,0.22959332949999978,2022-09-29 14:00:00,2022-09-29 17:00:00,4,1.8371987,100.0
4700008966_kW,0.028974043199999994,2022-09-30 05:00:00,2022-09-30 08:00:00,4,26.42851,100.0
4700008966_power_hour,0.028974043199999994,2022-09-30 05:00:00,2022-09-30 08:00:00,4,26.42851,100.0
4700008966_kW,0.028974043199999994,2022-10-12 00:00:00,2022-10-12 03:00:00,4,21.45489,100.0
4700008966_power_hour,0.028974043199999994,2022-10-12 00:00:00,2022-10-12 03:00:00,4,21.45489,100.0
4700008966_kW,0.028974043199999994,2022-10-24 20:00:00,2022-10-24 23:00:00,4,28.956406,100.0
4700008966_power_hour,0.028974043199999994,2022-10-24 20:00:00,2022-10-24 23:00:00,4,28.956406,100.0
4408411600_power_hour,0.22959332949999978,2022-12-06 16:00:00,2022-12-06 19:00:00,4,2.318754,100.0
temp_site1_anomaly_score,47.88,2022-12-13 03:00:00,2022-12-13 06:00:00,4,62.78,100.0
temp_site1_anomaly_score,47.88,2022-01-13 00:00:00,2022-01-13 02:00:00,3,65.74,100.0
sfc_temp_site1_anomaly_score,47.41,2022-01-13 00:00:00,2022-01-13 02:00:00,3,63.81,100.0
sfc_temp_site1_anomaly_score,47.41,2022-01-19 04:00:00,2022-01-19 06:00:00,3,75.92,100.0
sfc_temp_site1_anomaly_score,47.41,2022-01-19 17:00:00,2022-01-19 19:00:00,3,57.71,100.0
4608927500_kvar_hour,0.0,2022-01-27 18:00:00,2022-01-27 20:00:00,3,0.27848536,100.0
temp_site1_anomaly_score,47.88,2022-01-29 05:00:00,2022-01-29 07:00:00,3,68.79,100.0
4700008966_kW,0.028974043199999994,2022-02-02 13:00:00,2022-02-02 15:00:00,3,0.9826509,100.0
4700008966_power_hour,0.028974043199999994,2022-02-02 13:00:00,2022-02-02 15:00:00,3,0.9826509,100.0
sfc_temp_site1_anomaly_score,47.41,2022-02-03 02:00:00,2022-02-03 04:00:00,3,56.57,100.0
4700008966_kW,0.028974043199999994,2022-02-07 16:00:00,2022-02-07 18:00:00,3,0.049409643,0.0
4700008966_power_hour,0.028974043199999994,2022-02-07 16:00:00,2022-02-07 18:00:00,3,0.049409643,0.0
4608927500_kvar_hour,0.0,2022-03-01 11:00:00,2022-03-01 13:00:00,3,94.546,100.0
sfc_temp_site1_anomaly_score,47.41,2022-03-20 22:00:00,2022-03-21 00:00:00,3,51.37,0.0
4700008966_kW,0.028974043199999994,2022-04-05 04:00:00,2022-04-05 06:00:00,3,95.075424,0.0
4700008966_power_hour,0.028974043199999994,2022-04-05 04:00:00,2022-04-05 06:00:00,3,95.075424,0.0
sfc_temp_site1_anomaly_score,47.41,2022-04-07 09:00:00,2022-04-07 11:00:00,3,58.19,0.0
4608927500_kvar_hour,0.0,2022-04-12 02:00:00,2022-04-12 04:00:00,3,0.7110446,100.0
4408411600_kW,0.0,2022-04-14 18:00:00,2022-04-14 20:00:00,3,3.650535,100.0
4408411600_kW,0.0,2022-04-15 06:00:00,2022-04-15 08:00:00,3,59.81637,100.0
4408411600_kW,0.0,2022-04-15 12:00:00,2022-04-15 14:00:00,3,68.532,100.0
4408411600_kW,0.0,2022-04-15 18:00:00,2022-04-15 20:00:00,3,5.816336,100.0
4700008966_kW,0.028974043199999994,2022-04-19 12:00:00,2022-04-19 14:00:00,3,0.050721914,100.0
4700008966_power_hour,0.028974043199999994,2022-04-19 12:00:00,2022-04-19 14:00:00,3,0.050721914,100.0
4408411600_power_hour,0.22959332949999978,2022-05-04 15:00:00,2022-05-04 17:00:00,3,73.95237,100.0
4408411600_power_hour,0.22959332949999978,2022-05-04 20:00:00,2022-05-04 22:00:00,3,0.5953315,100.0
4408411600_kW,0.0,2022-05-10 03:00:00,2022-05-10 05:00:00,3,1.6147004,100.0
4700008966_kW,0.028974043199999994,2022-05-21 01:00:00,2022-05-21 03:00:00,3,50.54859,0.0
4700008966_power_hour,0.028974043199999994,2022-05-21 01:00:00,2022-05-21 03:00:00,3,50.54859,0.0
4408411600_kW,0.0,2022-06-10 12:00:00,2022-06-10 14:00:00,3,0.55237603,100.0
4700008966_kW,0.028974043199999994,2022-06-17 11:00:00,2022-06-17 13:00:00,3,3.5779104,100.0
4700008966_power_hour,0.028974043199999994,2022-06-17 11:00:00,2022-06-17 13:00:00,3,3.5779104,100.0
4700008966_kW,0.028974043199999994,2022-06-17 15:00:00,2022-06-17 17:00:00,3,1.1318187,100.0
4700008966_power_hour,0.028974043199999994,2022-06-17 15:00:00,2022-06-17 17:00:00,3,1.1318187,100.0
4700008966_kW,0.028974043199999994,2022-07-02 00:00:00,2022-07-02 02:00:00,3,96.06258,100.0
4700008966_power_hour,0.028974043199999994,2022-07-02 00:00:00,2022-07-02 02:00:00,3,96.06258,100.0
sfc_temp_site1_anomaly_score,47.41,2022-07-06 07:00:00,2022-07-06 09:00:00,3,52.37,100.0
4408411600_kW,0.0,2022-07-06 10:00:00,2022-07-06 12:00:00,3,3.0541418,100.0
4608927500_kvar_hour,0.0,2022-07-09 15:00:00,2022-07-09 17:00:00,3,0.34092793,100.0
4408411600_kW,0.0,2022-07-12 08:00:00,2022-07-12 10:00:00,3,0.6810962,100.0
4408411600_kW,0.0,2022-07-12 18:00:00,2022-07-12 20:00:00,3,21.81591,100.0
sfc_temp_site1_anomaly_score,47.41,2022-07-14 11:00:00,2022-07-14 13:00:00,3,74.04,100.0
4408411600_power_hour,0.22959332949999978,2022-07-16 20:00:00,2022-07-16 22:00:00,3,9.40279,100.0
4408411600_power_hour,0.22959332949999978,2022-07-17 16:00:00,2022-07-17 18:00:00,3,0.9057201,100.0
4608927500_kvar_hour,0.0,2022-07-20 07:00:00,2022-07-20 09:00:00,3,34.697525,100.0
4608927500_kvar_hour,0.0,2022-07-20 17:00:00,2022-07-20 19:00:00,3,1.2136288,100.0
4608927500_kvar_hour,0.0,2022-07-24 04:00:00,2022-07-24 06:00:00,3,0.1041999,100.0
4408411600_kW,0.0,2022-08-05 10:00:00,2022-08-05 12:00:00,3,61.29485,0.0
4408411600_kW,0.0,2022-08-05 16:00:00,2022-08-05 18:00:00,3,2.4805937,0.0
4700008966_kW,0.028974043199999994,2022-08-06 14:00:00,2022-08-06 16:00:00,3,76.21699,100.0
4700008966_power_hour,0.028974043199999994,2022-08-06 14:00:00,2022-08-06 16:00:00,3,76.21699,100.0
238045_ws_temp,0.0,2022-08-07 02:00:00,2022-08-07 04:00:00,3,12.587938,0.0
sfc_temp_site1_anomaly_score,47.41,2022-08-16 09:00:00,2022-08-16 11:00:00,3,55.8,100.0
4608927500_kvar_hour,0.0,2022-08-19 19:00:00,2022-08-19 21:00:00,3,0.5148171,100.0
4700008966_kW,0.028974043199999994,2022-08-21 23:00:00,2022-08-22 01:00:00,3,24.23944,100.0
4700008966_power_hour,0.028974043199999994,2022-08-21 23:00:00,2022-08-22 01:00:00,3,24.23944,100.0
4700008966_kW,0.028974043199999994,2022-08-22 19:00:00,2022-08-22 21:00:00,3,32.00791,100.0
4700008966_power_hour,0.028974043199999994,2022-08-22 19:00:00,2022-08-22 21:00:00,3,32.00791,100.0
4700008966_kW,0.028974043199999994,2022-09-06 16:00:00,2022-09-06 18:00:00,3,87.59539,100.0
4700008966_power_hour,0.028974043199999994,2022-09-06 16:00:00,2022-09-06 18:00:00,3,87.59539,100.0
4700008966_kW,0.028974043199999994,2022-09-15 16:00:00,2022-09-15 18:00:00,3,27.418453,100.0
4700008966_power_hour,0.028974043199999994,2022-09-15 16:00:00,2022-09-15 18:00:00,3,27.418453,100.0
4700008966_kW,0.028974043199999994,2022-09-27 11:00:00,2022-09-27 13:00:00,3,44.70945,100.0
4700008966_power_hour,0.028974043199999994,2022-09-27 11:00:00,2022-09-27 13:00:00,3,44.70945,100.0
4408411600_kW,0.0,2022-09-28 22:00:00,2022-09-29 00:00:00,3,45.98174,100.0
4608927500_kvar_hour,0.0,2022-10-12 07:00:00,2022-10-12 09:00:00,3,26.38289,100.0
4608927500_kvar_hour,0.0,2022-11-04 00:00:00,2022-11-04 02:00:00,3,11.12971,100.0
4408411600_power_hour,0.22959332949999978,2022-11-06 07:00:00,2022-11-06 09:00:00,3,0.6952234,100.0
4608927500_kvar_hour,0.0,2022-11-12 10:00:00,2022-11-12 12:00:00,3,0.1635734,100.0
4408411600_kW,0.0,2022-12-19 21:00:00,2022-12-19 23:00:00,3,36.27316,100.0
4408411600_kW,0.0,2022-12-21 06:00:00,2022-12-21 08:00:00,3,1.8315777,100.0
4408411600_power_hour,0.22959332949999978,2022-12-23 10:00:00,2022-12-23 12:00:00,3,0.85625476,100.0
4700008966_kW,0.028974043199999994,2022-12-23 23:00:00,2022-12-24 01:00:00,3,36.88859,100.0
4700008966_power_hour,0.028974043199999994,2022-12-23 23:00:00,2022-12-24 01:00:00,3,36.88859,100.0
4608927500_kvar_hour,0.0,2022-12-24 00:00:00,2022-12-24 02:00:00,3,63.12079,100.0
4408411600_power_hour,0.22959332949999978,2022-12-24 02:00:00,2022-12-24 04:00:00,3,0.83313805,100.0
4408411600_power_hour,0.22959332949999978,2022-12-29 12:00:00,2022-12-29 14:00:00,3,0.9301631,0.0
4700008966_kW,0.028974043199999994,2022-01-06 03:00:00,2022-01-06 04:00:00,2,3.432065,100.0
4700008966_power_hour,0.028974043199999994,2022-01-06 03:00:00,2022-01-06 04:00:00,2,3.432065,100.0
sfc_temp_site1_anomaly_score,47.41,2022-01-15 05:00:00,2022-01-15 06:00:00,2,59.34,100.0
sfc_temp_site1_anomaly_score,47.41,2022-01-19 21:00:00,2022-01-19 22:00:00,2,50.62,100.0
temp_site1_anomaly_score,47.88,2022-01-21 06:00:00,2022-01-21 07:00:00,2,53.86,100.0
4608927500_kvar_hour,0.0,2022-01-27 03:00:00,2022-01-27 04:00:00,2,0.18929449,100.0
4608927500_kvar_hour,0.0,2022-02-01 05:00:00,2022-02-01 06:00:00,2,63.48114,0.0
4700008966_kW,0.028974043199999994,2022-02-10 16:00:00,2022-02-10 17:00:00,2,34.72264,100.0
4700008966_power_hour,0.028974043199999994,2022-02-10 16:00:00,2022-02-10 17:00:00,2,34.72264,100.0
4700008966_kW,0.028974043199999994,2022-02-16 00:00:00,2022-02-16 01:00:00,2,3.9125931,0.0
4700008966_power_hour,0.028974043199999994,2022-02-16 00:00:00,2022-02-16 01:00:00,2,3.9125931,0.0
4608927500_kvar_hour,0.0,2022-02-16 13:00:00,2022-02-16 14:00:00,2,96.85898,0.0
4700008966_kW,0.028974043199999994,2022-02-17 10:00:00,2022-02-17 11:00:00,2,78.68578,0.0
4700008966_power_hour,0.028974043199999994,2022-02-17 10:00:00,2022-02-17 11:00:00,2,78.68578,0.0
sfc_temp_site1_anomaly_score,47.41,2022-03-04 22:00:00,2022-03-04 23:00:00,2,52.78,0.0
4408411600_power_hour,0.22959332949999978,2022-03-11 22:00:00,2022-03-11 23:00:00,2,2.8057535,100.0
temp_site1_anomaly_score,47.88,2022-03-13 00:00:00,2022-03-13 01:00:00,2,51.62,100.0
238045_ws_temp,0.0,2022-03-16 20:00:00,2022-03-16 21:00:00,2,5.53142,100.0
sfc_temp_site1_anomaly_score,47.41,2022-04-04 00:00:00,2022-04-04 01:00:00,2,59.2,0.0
sfc_temp_site1_anomaly_score,47.41,2022-04-04 03:00:00,2022-04-04 04:00:00,2,70.85,0.0
4408411600_kW,0.0,2022-04-05 11:00:00,2022-04-05 12:00:00,2,0.70917886,0.0
4408411600_kW,0.0,2022-04-05 17:00:00,2022-04-05 18:00:00,2,0.60717136,0.0
4700008966_kW,0.028974043199999994,2022-04-05 19:00:00,2022-04-05 20:00:00,2,1.2189503,0.0
4700008966_power_hour,0.028974043199999994,2022-04-05 19:00:00,2022-04-05 20:00:00,2,1.2189503,0.0
4408411600_kW,0.0,2022-04-13 09:00:00,2022-04-13 10:00:00,2,1.0059432,100.0
4408411600_kW,0.0,2022-04-13 19:00:00,2022-04-13 20:00:00,2,0.40084893,100.0
4408411600_kW,0.0,2022-04-15 22:00:00,2022-04-15 23:00:00,2,0.3250271,100.0
4608927500_kvar_hour,0.0,2022-04-16 01:00:00,2022-04-16 02:00:00,2,0.15439497,100.0
4408411600_kW,0.0,2022-04-21 09:00:00,2022-04-21 10:00:00,2,1.3692621,0.0
4408411600_power_hour,0.22959332949999978,2022-04-21 10:00:00,2022-04-21 11:00:00,2,0.4304671,0.0
4408411600_kW,0.0,2022-04-21 18:00:00,2022-04-21 19:00:00,2,0.14129232,0.0
4700008966_kW,0.028974043199999994,2022-04-23 23:00:00,2022-04-24 00:00:00,2,21.06633,0.0
4700008966_power_hour,0.028974043199999994,2022-04-23 23:00:00,2022-04-24 00:00:00,2,13.92037,0.0
4608927500_kvar_hour,0.0,2022-04-25 09:00:00,2022-04-25 10:00:00,2,94.70497,0.0
4408411600_power_hour,0.22959332949999978,2022-04-25 10:00:00,2022-04-25 11:00:00,2,0.38890177,0.0
4408411600_kW,0.0,2022-04-25 11:00:00,2022-04-25 12:00:00,2,0.4787929,0.0
4608927500_kvar_hour,0.0,2022-04-26 06:00:00,2022-04-26 07:00:00,2,22.132494,0.0
4700008966_kW,0.028974043199999994,2022-05-01 07:00:00,2022-05-01 08:00:00,2,55.94913,100.0
4700008966_power_hour,0.028974043199999994,2022-05-01 07:00:00,2022-05-01 08:00:00,2,55.94913,100.0
4408411600_power_hour,0.22959332949999978,2022-05-04 10:00:00,2022-05-04 11:00:00,2,51.26334,100.0
4408411600_kW,0.0,2022-05-04 15:00:00,2022-05-04 16:00:00,2,86.42588,100.0
4700008966_kW,0.028974043199999994,2022-05-07 08:00:00,2022-05-07 09:00:00,2,0.06153177,0.0
4700008966_power_hour,0.028974043199999994,2022-05-07 08:00:00,2022-05-07 09:00:00,2,0.06153177,0.0
4700008966_kW,0.028974043199999994,2022-05-07 13:00:00,2022-05-07 14:00:00,2,0.062315714,0.0
4700008966_power_hour,0.028974043199999994,2022-05-07 13:00:00,2022-05-07 14:00:00,2,0.062315714,0.0
4408411600_power_hour,0.22959332949999978,2022-05-08 12:00:00,2022-05-08 13:00:00,2,2.6936722,100.0
4408411600_kW,0.0,2022-05-08 19:00:00,2022-05-08 20:00:00,2,0.1143537,100.0
4408411600_power_hour,0.22959332949999978,2022-05-10 10:00:00,2022-05-10 11:00:00,2,0.69279873,100.0
4408411600_kW,0.0,2022-05-11 11:00:00,2022-05-11 12:00:00,2,3.6072636,100.0
4608927500_kvar_hour,0.0,2022-05-12 02:00:00,2022-05-12 03:00:00,2,0.4620967,100.0
238045_ws_temp,0.0,2022-05-14 01:00:00,2022-05-14 02:00:00,2,6.124337,0.0
4408411600_power_hour,0.22959332949999978,2022-05-14 03:00:00,2022-05-14 04:00:00,2,51.42669,0.0
4408411600_power_hour,0.22959332949999978,2022-05-14 09:00:00,2022-05-14 10:00:00,2,1.2805246,0.0
4408411600_kW,0.0,2022-05-14 10:00:00,2022-05-14 11:00:00,2,0.7185517,0.0
4408411600_kW,0.0,2022-05-14 16:00:00,2022-05-14 17:00:00,2,0.68790907,0.0
4408411600_kW,0.0,2022-05-14 21:00:00,2022-05-14 22:00:00,2,0.9240825,0.0
4608927500_kvar_hour,0.0,2022-05-23 00:00:00,2022-05-23 01:00:00,2,0.3745338,0.0
4408411600_power_hour,0.22959332949999978,2022-05-23 17:00:00,2022-05-23 18:00:00,2,0.234816,0.0
4408411600_power_hour,0.22959332949999978,2022-05-24 13:00:00,2022-05-24 14:00:00,2,97.25242,0.0
238045_ws_temp,0.0,2022-05-24 16:00:00,2022-05-24 17:00:00,2,1.3455806,0.0
4608927500_kvar_hour,0.0,2022-05-30 00:00:00,2022-05-30 01:00:00,2,1.403893,100.0
4700008966_kW,0.028974043199999994,2022-06-02 22:00:00,2022-06-02 23:00:00,2,0.6680155,100.0
4700008966_power_hour,0.028974043199999994,2022-06-02 22:00:00,2022-06-02 23:00:00,2,0.6680155,100.0
4408411600_power_hour,0.22959332949999978,2022-06-08 12:00:00,2022-06-08 13:00:00,2,0.7292116,100.0
4408411600_kW,0.0,2022-06-10 05:00:00,2022-06-10 06:00:00,2,0.9829748,100.0
4408411600_kW,0.0,2022-06-10 19:00:00,2022-06-10 20:00:00,2,1.1951519,100.0
4408411600_kW,0.0,2022-06-13 09:00:00,2022-06-13 10:00:00,2,3.550969,100.0
sfc_temp_site1_anomaly_score,47.41,2022-06-20 12:00:00,2022-06-20 13:00:00,2,49.05,100.0
4700008966_kW,0.028974043199999994,2022-06-20 19:00:00,2022-06-20 20:00:00,2,0.71802425,100.0
4700008966_power_hour,0.028974043199999994,2022-06-20 19:00:00,2022-06-20 20:00:00,2,0.71802425,100.0
4700008966_kW,0.028974043199999994,2022-06-21 20:00:00,2022-06-21 21:00:00,2,0.04582339,100.0
4700008966_power_hour,0.028974043199999994,2022-06-21 20:00:00,2022-06-21 21:00:00,2,0.04582339,100.0
temp_site1_anomaly_score,47.88,2022-06-24 13:00:00,2022-06-24 14:00:00,2,50.68,100.0
4700008966_kW,0.028974043199999994,2022-06-26 04:00:00,2022-06-26 05:00:00,2,0.03058977,100.0
4700008966_power_hour,0.028974043199999994,2022-06-26 04:00:00,2022-06-26 05:00:00,2,0.03058977,100.0
4408411600_power_hour,0.22959332949999978,2022-06-26 09:00:00,2022-06-26 10:00:00,2,0.7129884,100.0
4408411600_kW,0.0,2022-06-26 10:00:00,2022-06-26 11:00:00,2,8.882738,100.0
4408411600_kW,0.0,2022-06-26 13:00:00,2022-06-26 14:00:00,2,6.960125,100.0
4408411600_kW,0.0,2022-06-26 16:00:00,2022-06-26 17:00:00,2,3.4327004,100.0
4408411600_power_hour,0.22959332949999978,2022-06-26 21:00:00,2022-06-26 22:00:00,2,0.3166827,100.0
4408411600_kW,0.0,2022-06-26 22:00:00,2022-06-26 23:00:00,2,13.729828,100.0
4608927500_kvar_hour,0.0,2022-06-28 01:00:00,2022-06-28 02:00:00,2,0.45034453,100.0
4608927500_kvar_hour,0.0,2022-07-01 06:00:00,2022-07-01 07:00:00,2,0.18472445,100.0
4700008966_kW,0.028974043199999994,2022-07-02 04:00:00,2022-07-02 05:00:00,2,4.321882,100.0
4700008966_power_hour,0.028974043199999994,2022-07-02 04:00:00,2022-07-02 05:00:00,2,4.321882,100.0
4700008966_kW,0.028974043199999994,2022-07-02 07:00:00,2022-07-02 08:00:00,2,0.09458824,100.0
4700008966_power_hour,0.028974043199999994,2022-07-02 07:00:00,2022-07-02 08:00:00,2,0.09458824,100.0
4608927500_kvar_hour,0.0,2022-07-04 07:00:00,2022-07-04 08:00:00,2,0.76746505,100.0
4700008966_kW,0.028974043199999994,2022-07-05 13:00:00,2022-07-05 14:00:00,2,15.67712,0.0
4700008966_power_hour,0.028974043199999994,2022-07-05 13:00:00,2022-07-05 14:00:00,2,8.889506,0.0
4408411600_kW,0.0,2022-07-05 17:00:00,2022-07-05 18:00:00,2,0.70327544,0.0
4608927500_kvar_hour,0.0,2022-07-06 01:00:00,2022-07-06 02:00:00,2,0.13499796,100.0
4408411600_kW,0.0,2022-07-06 05:00:00,2022-07-06 06:00:00,2,0.9098629,100.0
4408411600_power_hour,0.22959332949999978,2022-07-06 10:00:00,2022-07-06 11:00:00,2,65.030624,100.0
sfc_temp_site1_anomaly_score,47.41,2022-07-06 11:00:00,2022-07-06 12:00:00,2,52.62,100.0
4408411600_kW,0.0,2022-07-06 17:00:00,2022-07-06 18:00:00,2,1.2038813,100.0
4408411600_kW,0.0,2022-07-10 06:00:00,2022-07-10 07:00:00,2,0.20292576,100.0
4408411600_power_hour,0.22959332949999978,2022-07-10 19:00:00,2022-07-10 20:00:00,2,6.049014,100.0
temp_site1_anomaly_score,47.88,2022-07-13 15:00:00,2022-07-13 16:00:00,2,53.17,100.0
4408411600_power_hour,0.22959332949999978,2022-07-15 08:00:00,2022-07-15 09:00:00,2,3.0899773,100.0
4408411600_power_hour,0.22959332949999978,2022-07-15 21:00:00,2022-07-15 22:00:00,2,10.523672,100.0
4408411600_power_hour,0.22959332949999978,2022-07-16 05:00:00,2022-07-16 06:00:00,2,0.56083655,100.0
4408411600_power_hour,0.22959332949999978,2022-07-16 08:00:00,2022-07-16 09:00:00,2,1.3710595,100.0
4408411600_power_hour,0.22959332949999978,2022-07-16 11:00:00,2022-07-16 12:00:00,2,0.75730205,100.0
4408411600_power_hour,0.22959332949999978,2022-07-17 05:00:00,2022-07-17 06:00:00,2,2.0552735,100.0
4408411600_power_hour,0.22959332949999978,2022-07-18 21:00:00,2022-07-18 22:00:00,2,0.56521475,100.0
4408411600_power_hour,0.22959332949999978,2022-07-22 19:00:00,2022-07-22 20:00:00,2,0.66891444,100.0
4408411600_kW,0.0,2022-07-22 21:00:00,2022-07-22 22:00:00,2,2.04628,100.0
4408411600_kW,0.0,2022-07-23 09:00:00,2022-07-23 10:00:00,2,0.1303078,100.0
4700008966_kW,0.028974043199999994,2022-07-31 12:00:00,2022-07-31 13:00:00,2,1.03706,100.0
4700008966_power_hour,0.028974043199999994,2022-07-31 12:00:00,2022-07-31 13:00:00,2,1.03706,100.0
238045_ws_temp,0.0,2022-08-01 18:00:00,2022-08-01 19:00:00,2,81.53441,100.0
4608927500_kvar_hour,0.0,2022-08-02 16:00:00,2022-08-02 17:00:00,2,0.08795253,100.0
4608927500_kvar_hour,0.0,2022-08-04 14:00:00,2022-08-04 15:00:00,2,0.31241167,100.0
4700008966_kW,0.028974043199999994,2022-08-04 20:00:00,2022-08-04 21:00:00,2,98.464294,100.0
4700008966_power_hour,0.028974043199999994,2022-08-04 20:00:00,2022-08-04 21:00:00,2,98.464294,100.0
4408411600_kW,0.0,2022-08-05 04:00:00,2022-08-05 05:00:00,2,1.1301686,0.0
4408411600_power_hour,0.22959332949999978,2022-08-05 09:00:00,2022-08-05 10:00:00,2,55.62601,0.0
4408411600_kW,0.0,2022-08-05 20:00:00,2022-08-05 21:00:00,2,0.41756782,0.0
4700008966_kW,0.028974043199999994,2022-08-09 14:00:00,2022-08-09 15:00:00,2,25.05097,100.0
4700008966_power_hour,0.028974043199999994,2022-08-09 14:00:00,2022-08-09 15:00:00,2,25.05097,100.0
4408411600_power_hour,0.22959332949999978,2022-08-10 07:00:00,2022-08-10 08:00:00,2,11.393941,100.0
4408411600_power_hour,0.22959332949999978,2022-08-10 19:00:00,2022-08-10 20:00:00,2,0.75980973,100.0
4608927500_kvar_hour,0.0,2022-08-11 14:00:00,2022-08-11 15:00:00,2,6.324537,100.0
4408411600_kW,0.0,2022-08-16 05:00:00,2022-08-16 06:00:00,2,1.060766,100.0
4408411600_power_hour,0.22959332949999978,2022-08-16 07:00:00,2022-08-16 08:00:00,2,2.6956248,100.0
4408411600_kW,0.0,2022-08-16 08:00:00,2022-08-16 09:00:00,2,80.61572,100.0
4408411600_power_hour,0.22959332949999978,2022-08-16 23:00:00,2022-08-17 00:00:00,2,0.4971026,100.0
4408411600_power_hour,0.22959332949999978,2022-08-17 03:00:00,2022-08-17 04:00:00,2,0.6454189,100.0
4408411600_power_hour,0.22959332949999978,2022-08-17 09:00:00,2022-08-17 10:00:00,2,6.0489454,100.0
4608927500_kvar_hour,0.0,2022-08-20 21:00:00,2022-08-20 22:00:00,2,1.9598968,100.0
4700008966_kW,0.028974043199999994,2022-08-24 15:00:00,2022-08-24 16:00:00,2,30.17282,100.0
4700008966_power_hour,0.028974043199999994,2022-08-24 15:00:00,2022-08-24 16:00:00,2,30.17282,100.0
4608927500_kvar_hour,0.0,2022-08-24 16:00:00,2022-08-24 17:00:00,2,0.789886,100.0
238045_ws_temp,0.0,2022-09-01 01:00:00,2022-09-01 02:00:00,2,75.7625,100.0
4700008966_kW,0.028974043199999994,2022-09-04 06:00:00,2022-09-04 07:00:00,2,72.3841,100.0
4700008966_power_hour,0.028974043199999994,2022-09-04 06:00:00,2022-09-04 07:00:00,2,72.3841,100.0
4408411600_kW,0.0,2022-09-05 00:00:00,2022-09-05 01:00:00,2,1.1630338,0.0
4408411600_kW,0.0,2022-09-05 05:00:00,2022-09-05 06:00:00,2,0.64281094,0.0
4608927500_kvar_hour,0.0,2022-09-05 07:00:00,2022-09-05 08:00:00,2,1.1770016,0.0
4408411600_kW,0.0,2022-09-05 08:00:00,2022-09-05 09:00:00,2,1.1497821,0.0
4408411600_power_hour,0.22959332949999978,2022-09-05 13:00:00,2022-09-05 14:00:00,2,1.8006,0.0
4408411600_kW,0.0,2022-09-05 14:00:00,2022-09-05 15:00:00,2,0.8361105,0.0
4408411600_power_hour,0.22959332949999978,2022-09-05 19:00:00,2022-09-05 20:00:00,2,78.73411,0.0
4408411600_kW,0.0,2022-09-05 20:00:00,2022-09-05 21:00:00,2,5.013056,0.0
4700008966_kW,0.028974043199999994,2022-09-06 12:00:00,2022-09-06 13:00:00,2,43.81728,100.0
4700008966_power_hour,0.028974043199999994,2022-09-06 12:00:00,2022-09-06 13:00:00,2,43.81728,100.0
temp_site1_anomaly_score,47.88,2022-09-08 13:00:00,2022-09-08 14:00:00,2,50.14,100.0
sfc_temp_site1_anomaly_score,47.41,2022-09-08 13:00:00,2022-09-08 14:00:00,2,49.17,100.0
4408411600_power_hour,0.22959332949999978,2022-09-10 07:00:00,2022-09-10 08:00:00,2,16.727854,100.0
4408411600_power_hour,0.22959332949999978,2022-09-10 19:00:00,2022-09-10 20:00:00,2,0.58025426,100.0
4608927500_kvar_hour,0.0,2022-09-10 21:00:00,2022-09-10 22:00:00,2,0.3544018,100.0
4700008966_kW,0.028974043199999994,2022-09-19 04:00:00,2022-09-19 05:00:00,2,0.10240485,0.0
4700008966_power_hour,0.028974043199999994,2022-09-19 04:00:00,2022-09-19 05:00:00,2,0.10240485,0.0
4700008966_kW,0.028974043199999994,2022-09-25 14:00:00,2022-09-25 15:00:00,2,1.0083519,100.0
4700008966_power_hour,0.028974043199999994,2022-09-25 14:00:00,2022-09-25 15:00:00,2,1.0083519,100.0
4700008966_kW,0.028974043199999994,2022-09-25 17:00:00,2022-09-25 18:00:00,2,0.056040537,100.0
4700008966_power_hour,0.028974043199999994,2022-09-25 17:00:00,2022-09-25 18:00:00,2,0.056040537,100.0
sfc_temp_site1_anomaly_score,47.41,2022-10-03 19:00:00,2022-10-03 20:00:00,2,61.54,100.0
sfc_temp_site1_anomaly_score,47.41,2022-10-03 22:00:00,2022-10-03 23:00:00,2,59.92,100.0
4408411600_power_hour,0.22959332949999978,2022-10-05 06:00:00,2022-10-05 07:00:00,2,12.82117,0.0
4408411600_power_hour,0.22959332949999978,2022-10-05 19:00:00,2022-10-05 20:00:00,2,66.17498,0.0
4408411600_kW,0.0,2022-10-05 20:00:00,2022-10-05 21:00:00,2,0.87492836,0.0
4408411600_kW,0.0,2022-10-06 08:00:00,2022-10-06 09:00:00,2,0.9954749,100.0
4408411600_kW,0.0,2022-10-06 21:00:00,2022-10-06 22:00:00,2,2.7820802,100.0
4700008966_kW,0.028974043199999994,2022-10-07 16:00:00,2022-10-07 17:00:00,2,0.033597257,0.0
4700008966_power_hour,0.028974043199999994,2022-10-07 16:00:00,2022-10-07 17:00:00,2,0.033597257,0.0
4700008966_kW,0.028974043199999994,2022-10-09 12:00:00,2022-10-09 13:00:00,2,22.193739,100.0
4700008966_power_hour,0.028974043199999994,2022-10-09 12:00:00,2022-10-09 13:00:00,2,22.193739,100.0
4408411600_power_hour,0.22959332949999978,2022-10-09 13:00:00,2022-10-09 14:00:00,2,0.5084711,100.0
4608927500_kvar_hour,0.0,2022-10-10 12:00:00,2022-10-10 13:00:00,2,0.6032269,100.0
4408411600_power_hour,0.22959332949999978,2022-10-10 19:00:00,2022-10-10 20:00:00,2,0.47924265,100.0
4408411600_kW,0.0,2022-10-13 23:00:00,2022-10-14 00:00:00,2,1.1847252,100.0
4408411600_power_hour,0.22959332949999978,2022-10-14 21:00:00,2022-10-14 22:00:00,2,1.2726209,100.0
4408411600_power_hour,0.22959332949999978,2022-10-15 08:00:00,2022-10-15 09:00:00,2,8.959632,100.0
4408411600_power_hour,0.22959332949999978,2022-10-16 19:00:00,2022-10-16 20:00:00,2,0.65459627,100.0
4700008966_kW,0.028974043199999994,2022-10-18 05:00:00,2022-10-18 06:00:00,2,9.239066,100.0
4700008966_power_hour,0.028974043199999994,2022-10-18 05:00:00,2022-10-18 06:00:00,2,9.239066,100.0
4408411600_power_hour,0.22959332949999978,2022-10-24 20:00:00,2022-10-24 21:00:00,2,0.5549996,100.0
4408411600_kW,0.0,2022-10-27 23:00:00,2022-10-28 00:00:00,2,0.8886652,50.0
4700008966_kW,0.028974043199999994,2022-10-28 16:00:00,2022-10-28 17:00:00,2,0.07977453,0.0
4700008966_power_hour,0.028974043199999994,2022-10-28 16:00:00,2022-10-28 17:00:00,2,0.07977453,0.0
4608927500_kvar_hour,0.0,2022-10-31 22:00:00,2022-10-31 23:00:00,2,1.029669,0.0
temp_site1_anomaly_score,47.88,2022-11-01 22:00:00,2022-11-01 23:00:00,2,57.74,100.0
sfc_temp_site1_anomaly_score,47.41,2022-11-01 22:00:00,2022-11-01 23:00:00,2,56.57,100.0
temp_site1_anomaly_score,47.88,2022-11-03 20:00:00,2022-11-03 21:00:00,2,51.76,100.0
4408411600_power_hour,0.22959332949999978,2022-11-04 04:00:00,2022-11-04 05:00:00,2,1.4940982,100.0
4408411600_kW,0.0,2022-11-04 07:00:00,2022-11-04 08:00:00,2,8.5852,100.0
4408411600_power_hour,0.22959332949999978,2022-11-04 07:00:00,2022-11-04 08:00:00,2,0.6906495,100.0
4408411600_power_hour,0.22959332949999978,2022-11-04 10:00:00,2022-11-04 11:00:00,2,43.99268,100.0
4608927500_kvar_hour,0.0,2022-11-04 21:00:00,2022-11-04 22:00:00,2,0.54489756,100.0
4408411600_kW,0.0,2022-11-09 03:00:00,2022-11-09 04:00:00,2,4.232842,100.0
4608927500_kvar_hour,0.0,2022-11-24 08:00:00,2022-11-24 09:00:00,2,2.961872,100.0
4408411600_power_hour,0.22959332949999978,2022-12-04 13:00:00,2022-12-04 14:00:00,2,0.62928426,100.0
4408411600_power_hour,0.22959332949999978,2022-12-04 19:00:00,2022-12-04 20:00:00,2,3.576204,100.0
4408411600_power_hour,0.22959332949999978,2022-12-06 09:00:00,2022-12-06 10:00:00,2,3.585892,100.0
4408411600_power_hour,0.22959332949999978,2022-12-10 07:00:00,2022-12-10 08:00:00,2,0.57828015,100.0
temp_site1_anomaly_score,47.88,2022-12-12 21:00:00,2022-12-12 22:00:00,2,54.0,100.0
4700008966_kW,0.028974043199999994,2022-12-16 01:00:00,2022-12-16 02:00:00,2,40.285107,100.0
4700008966_power_hour,0.028974043199999994,2022-12-16 01:00:00,2022-12-16 02:00:00,2,40.285107,100.0
4408411600_power_hour,0.22959332949999978,2022-12-17 12:00:00,2022-12-17 13:00:00,2,0.39037937,100.0
4408411600_kW,0.0,2022-12-18 11:00:00,2022-12-18 12:00:00,2,4.100604,100.0
4408411600_power_hour,0.22959332949999978,2022-12-18 11:00:00,2022-12-18 12:00:00,2,0.7362526,100.0
4408411600_power_hour,0.22959332949999978,2022-12-19 02:00:00,2022-12-19 03:00:00,2,1.2725859,100.0
sfc_temp_site1_anomaly_score,47.41,2022-12-19 02:00:00,2022-12-19 03:00:00,2,50.24,100.0
4408411600_kW,0.0,2022-12-19 07:00:00,2022-12-19 08:00:00,2,1.096345,100.0
4408411600_kW,0.0,2022-12-19 10:00:00,2022-12-19 11:00:00,2,0.7255482,100.0
4408411600_kW,0.0,2022-12-19 14:00:00,2022-12-19 15:00:00,2,0.6215672,100.0
4408411600_kW,0.0,2022-12-19 17:00:00,2022-12-19 18:00:00,2,20.30046,100.0
4408411600_power_hour,0.22959332949999978,2022-12-20 07:00:00,2022-12-20 08:00:00,2,0.5854967,100.0
4408411600_power_hour,0.22959332949999978,2022-12-21 12:00:00,2022-12-21 13:00:00,2,0.29484177,100.0
4408411600_power_hour,0.22959332949999978,2022-12-21 18:00:00,2022-12-21 19:00:00,2,7.474838,100.0
4408411600_kW,0.0,2022-12-22 06:00:00,2022-12-22 07:00:00,2,1.0192686,100.0
4408411600_kW,0.0,2022-12-23 23:00:00,2022-12-24 00:00:00,2,1.7605206,100.0
4408411600_power_hour,0.22959332949999978,2022-12-24 08:00:00,2022-12-24 09:00:00,2,1.1441482,100.0
4408411600_kW,0.0,2022-12-24 20:00:00,2022-12-24 21:00:00,2,0.84582436,100.0
4408411600_power_hour,0.22959332949999978,2022-12-25 08:00:00,2022-12-25 09:00:00,2,1.1746581,100.0
4408411600_power_hour,0.22959332949999978,2022-12-26 08:00:00,2022-12-26 09:00:00,2,1.1493148,100.0
4408411600_power_hour,0.22959332949999978,2022-12-27 14:00:00,2022-12-27 15:00:00,2,0.70471114,100.0
4608927500_kvar_hour,0.0,2022-12-28 02:00:00,2022-12-28 03:00:00,2,1.8453125,0.0
4408411600_power_hour,0.22959332949999978,2022-12-28 14:00:00,2022-12-28 15:00:00,2,0.7077339,0.0
4608927500_kvar_hour,0.0,2022-12-29 02:00:00,2022-12-29 03:00:00,2,0.97590107,0.0
4608927500_kvar_hour,0.0,2022-12-30 02:00:00,2022-12-30 03:00:00,2,1.3960174,0.0
4608927500_kvar_hour,0.0,2022-01-01 10:00:00,2022-01-01 10:00:00,1,0.1297258,0.0
238045_ws_temp,0.0,2022-01-02 04:00:00,2022-01-02 04:00:00,1,0.4125608,100.0
238045_ws_temp,0.0,2022-01-02 06:00:00,2022-01-02 06:00:00,1,0.5722623,100.0
238045_ws_temp,0.0,2022-01-02 13:00:00,2022-01-02 13:00:00,1,0.57416457,100.0
4608927500_kvar_hour,0.0,2022-01-03 08:00:00,2022-01-03 08:00:00,1,0.1771186,100.0
4408411600_kW,0.0,2022-01-04 02:00:00,2022-01-04 02:00:00,1,5.25024,0.0
4408411600_kW,0.0,2022-01-04 06:00:00,2022-01-04 06:00:00,1,0.24383067,0.0
4408411600_kW,0.0,2022-01-07 21:00:00,2022-01-07 21:00:00,1,1.3820541,0.0
4700008966_kW,0.028974043199999994,2022-01-08 02:00:00,2022-01-08 02:00:00,1,38.864475,100.0
4700008966_power_hour,0.028974043199999994,2022-01-08 02:00:00,2022-01-08 02:00:00,1,38.864475,100.0
4408411600_kW,0.0,2022-01-10 10:00:00,2022-01-10 10:00:00,1,0.24249348,100.0
4608927500_kvar_hour,0.0,2022-01-11 00:00:00,2022-01-11 00:00:00,1,1.1513637,0.0
4700008966_kW,0.028974043199999994,2022-01-11 06:00:00,2022-01-11 06:00:00,1,0.04771706,0.0
4700008966_power_hour,0.028974043199999994,2022-01-11 06:00:00,2022-01-11 06:00:00,1,0.04771706,0.0
4700008966_kW,0.028974043199999994,2022-01-11 10:00:00,2022-01-11 10:00:00,1,0.052742302,0.0
4700008966_power_hour,0.028974043199999994,2022-01-11 10:00:00,2022-01-11 10:00:00,1,0.052742302,0.0
4608927500_kvar_hour,0.0,2022-01-12 23:00:00,2022-01-12 23:00:00,1,0.1209055,100.0
238045_ws_temp,0.0,2022-01-13 06:00:00,2022-01-13 06:00:00,1,22.03671,100.0
4700008966_kW,0.028974043199999994,2022-01-13 17:00:00,2022-01-13 17:00:00,1,0.03815889,100.0
4700008966_power_hour,0.028974043199999994,2022-01-13 17:00:00,2022-01-13 17:00:00,1,0.03815889,100.0
238045_ws_temp,0.0,2022-01-13 21:00:00,2022-01-13 21:00:00,1,0.09051441,100.0
4700008966_kW,0.028974043199999994,2022-01-15 12:00:00,2022-01-15 12:00:00,1,0.04263045,100.0
4700008966_power_hour,0.028974043199999994,2022-01-15 12:00:00,2022-01-15 12:00:00,1,0.04263045,100.0
sfc_temp_site1_anomaly_score,47.41,2022-01-15 21:00:00,2022-01-15 21:00:00,1,57.58,100.0
238045_ws_temp,0.0,2022-01-18 20:00:00,2022-01-18 20:00:00,1,3.1918004,100.0
238045_ws_temp,0.0,2022-01-19 23:00:00,2022-01-19 23:00:00,1,0.33826527,100.0
238045_ws_temp,0.0,2022-01-20 11:00:00,2022-01-20 11:00:00,1,0.087815784,100.0
238045_ws_temp,0.0,2022-01-21 20:00:00,2022-01-21 20:00:00,1,0.0676288,100.0
238045_ws_temp,0.0,2022-01-21 23:00:00,2022-01-21 23:00:00,1,0.100696445,100.0
238045_ws_temp,0.0,2022-01-22 08:00:00,2022-01-22 08:00:00,1,1.4012477,100.0
238045_ws_temp,0.0,2022-01-22 14:00:00,2022-01-22 14:00:00,1,0.12965277,100.0
238045_ws_temp,0.0,2022-01-22 19:00:00,2022-01-22 19:00:00,1,0.23300841,100.0
sfc_temp_site1_anomaly_score,47.41,2022-01-22 20:00:00,2022-01-22 20:00:00,1,48.71,100.0
238045_ws_temp,0.0,2022-01-23 07:00:00,2022-01-23 07:00:00,1,0.2819241,100.0
temp_site1_anomaly_score,47.88,2022-01-23 20:00:00,2022-01-23 20:00:00,1,51.35,100.0
4608927500_kvar_hour,0.0,2022-01-25 07:00:00,2022-01-25 07:00:00,1,75.84712,100.0
238045_ws_temp,0.0,2022-01-25 20:00:00,2022-01-25 20:00:00,1,0.095721014,100.0
238045_ws_temp,0.0,2022-01-26 00:00:00,2022-01-26 00:00:00,1,0.16932741,100.0
4608927500_kvar_hour,0.0,2022-01-26 08:00:00,2022-01-26 08:00:00,1,25.92588,100.0
4608927500_kvar_hour,0.0,2022-01-27 06:00:00,2022-01-27 06:00:00,1,0.14980634,100.0
4608927500_kvar_hour,0.0,2022-01-27 11:00:00,2022-01-27 11:00:00,1,0.86472833,100.0
238045_ws_temp,0.0,2022-01-27 19:00:00,2022-01-27 19:00:00,1,0.17745376,100.0
238045_ws_temp,0.0,2022-01-28 19:00:00,2022-01-28 19:00:00,1,0.06413135,100.0
238045_ws_temp,0.0,2022-01-29 05:00:00,2022-01-29 05:00:00,1,0.45907733,100.0
238045_ws_temp,0.0,2022-01-29 11:00:00,2022-01-29 11:00:00,1,0.3637291,100.0
4700008966_kW,0.028974043199999994,2022-01-29 17:00:00,2022-01-29 17:00:00,1,0.08359753,100.0
4700008966_power_hour,0.028974043199999994,2022-01-29 17:00:00,2022-01-29 17:00:00,1,0.08359753,100.0
238045_ws_temp,0.0,2022-01-29 23:00:00,2022-01-29 23:00:00,1,0.2734936,100.0
238045_ws_temp,0.0,2022-01-30 21:00:00,2022-01-30 21:00:00,1,0.06572343,100.0
4700008966_kW,0.028974043199999994,2022-02-04 19:00:00,2022-02-04 19:00:00,1,0.03486011,0.0
4700008966_power_hour,0.028974043199999994,2022-02-04 19:00:00,2022-02-04 19:00:00,1,0.03486011,0.0
4700008966_kW,0.028974043199999994,2022-02-04 21:00:00,2022-02-04 21:00:00,1,0.06143164,0.0
4700008966_power_hour,0.028974043199999994,2022-02-04 21:00:00,2022-02-04 21:00:00,1,0.06143164,0.0
4608927500_kvar_hour,0.0,2022-02-05 11:00:00,2022-02-05 11:00:00,1,0.059013598,0.0
238045_ws_temp,0.0,2022-02-07 04:00:00,2022-02-07 04:00:00,1,11.99279,0.0
4700008966_kW,0.028974043199999994,2022-02-07 09:00:00,2022-02-07 09:00:00,1,0.05158403,0.0
4700008966_power_hour,0.028974043199999994,2022-02-07 09:00:00,2022-02-07 09:00:00,1,0.05158403,0.0
4408411600_kW,0.0,2022-02-07 09:00:00,2022-02-07 09:00:00,1,1.5733845,0.0
temp_site1_anomaly_score,47.88,2022-02-08 12:00:00,2022-02-08 12:00:00,1,48.32,100.0
temp_site1_anomaly_score,47.88,2022-02-08 14:00:00,2022-02-08 14:00:00,1,48.43,100.0
4408411600_kW,0.0,2022-02-08 16:00:00,2022-02-08 16:00:00,1,0.04904692,100.0
4608927500_kvar_hour,0.0,2022-02-10 17:00:00,2022-02-10 17:00:00,1,1.1104517,100.0
4608927500_kvar_hour,0.0,2022-02-11 00:00:00,2022-02-11 00:00:00,1,1.7228734,100.0
4408411600_power_hour,0.22959332949999978,2022-02-11 22:00:00,2022-02-11 22:00:00,1,1.7883543,100.0
4408411600_kW,0.0,2022-02-11 23:00:00,2022-02-11 23:00:00,1,0.94204164,100.0
4700008966_kW,0.028974043199999994,2022-02-14 21:00:00,2022-02-14 21:00:00,1,10.630071,100.0
4700008966_power_hour,0.028974043199999994,2022-02-14 21:00:00,2022-02-14 21:00:00,1,10.630071,100.0
4700008966_kW,0.028974043199999994,2022-02-17 21:00:00,2022-02-17 21:00:00,1,0.106088854,0.0
4700008966_power_hour,0.028974043199999994,2022-02-17 21:00:00,2022-02-17 21:00:00,1,0.106088854,0.0
238045_ws_temp,0.0,2022-02-18 21:00:00,2022-02-18 21:00:00,1,0.4832366,0.0
4608927500_kvar_hour,0.0,2022-02-19 09:00:00,2022-02-19 09:00:00,1,0.0576287,0.0
238045_ws_temp,0.0,2022-02-20 18:00:00,2022-02-20 18:00:00,1,0.12081089,0.0
4408411600_kW,0.0,2022-03-04 14:00:00,2022-03-04 14:00:00,1,18.04775,0.0
4408411600_kW,0.0,2022-03-04 18:00:00,2022-03-04 18:00:00,1,1.321409,0.0
4700008966_kW,0.028974043199999994,2022-03-04 19:00:00,2022-03-04 19:00:00,1,0.05084443,0.0
4700008966_power_hour,0.028974043199999994,2022-03-04 19:00:00,2022-03-04 19:00:00,1,0.05084443,0.0
4700008966_kW,0.028974043199999994,2022-03-07 16:00:00,2022-03-07 16:00:00,1,0.03916665,0.0
4700008966_power_hour,0.028974043199999994,2022-03-07 16:00:00,2022-03-07 16:00:00,1,0.03916665,0.0
4408411600_kW,0.0,2022-03-10 14:00:00,2022-03-10 14:00:00,1,0.21100286,100.0
4408411600_kW,0.0,2022-03-10 17:00:00,2022-03-10 17:00:00,1,0.098077156,100.0
4408411600_kW,0.0,2022-03-10 20:00:00,2022-03-10 20:00:00,1,0.22429512,100.0
4700008966_kW,0.028974043199999994,2022-03-11 05:00:00,2022-03-11 05:00:00,1,0.16432264,100.0
4700008966_power_hour,0.028974043199999994,2022-03-11 05:00:00,2022-03-11 05:00:00,1,0.16432264,100.0
4408411600_kW,0.0,2022-03-11 18:00:00,2022-03-11 18:00:00,1,0.5138724,100.0
temp_site1_anomaly_score,47.88,2022-03-13 04:00:00,2022-03-13 04:00:00,1,51.08,100.0
238045_ws_temp,0.0,2022-03-14 18:00:00,2022-03-14 18:00:00,1,0.2920395,100.0
4608927500_kvar_hour,0.0,2022-03-16 11:00:00,2022-03-16 11:00:00,1,0.1853667,100.0
238045_ws_temp,0.0,2022-03-17 15:00:00,2022-03-17 15:00:00,1,0.20694718,0.0
238045_ws_temp,0.0,2022-03-17 19:00:00,2022-03-17 19:00:00,1,0.09468931,0.0
238045_ws_temp,0.0,2022-03-22 17:00:00,2022-03-22 17:00:00,1,0.9250166,0.0
238045_ws_temp,0.0,2022-03-26 13:00:00,2022-03-26 13:00:00,1,0.1697013,0.0
4700008966_kW,0.028974043199999994,2022-03-27 19:00:00,2022-03-27 19:00:00,1,0.04747673,0.0
4700008966_power_hour,0.028974043199999994,2022-03-27 19:00:00,2022-03-27 19:00:00,1,0.04747673,0.0
238045_ws_temp,0.0,2022-03-28 06:00:00,2022-03-28 06:00:00,1,0.48121634,0.0
4608927500_kvar_hour,0.0,2022-03-28 10:00:00,2022-03-28 10:00:00,1,62.517475,0.0
4608927500_kvar_hour,0.0,2022-03-30 06:00:00,2022-03-30 06:00:00,1,0.30411187,0.0
4608927500_kvar_hour,0.0,2022-03-31 10:00:00,2022-03-31 10:00:00,1,0.7566331,0.0
4700008966_kW,0.028974043199999994,2022-03-31 17:00:00,2022-03-31 17:00:00,1,0.06069907,0.0
4700008966_power_hour,0.028974043199999994,2022-03-31 17:00:00,2022-03-31 17:00:00,1,0.06069907,0.0
4700008966_kW,0.028974043199999994,2022-04-01 08:00:00,2022-04-01 08:00:00,1,0.3164836,100.0
4700008966_power_hour,0.028974043199999994,2022-04-01 08:00:00,2022-04-01 08:00:00,1,0.3164836,100.0
4700008966_kW,0.028974043199999994,2022-04-01 14:00:00,2022-04-01 14:00:00,1,65.89892,100.0
4700008966_power_hour,0.028974043199999994,2022-04-01 14:00:00,2022-04-01 14:00:00,1,65.89892,100.0
4608927500_kvar_hour,0.0,2022-04-02 09:00:00,2022-04-02 09:00:00,1,0.3669525,100.0
238045_ws_temp,0.0,2022-04-03 16:00:00,2022-04-03 16:00:00,1,0.5761087,100.0
4408411600_power_hour,0.22959332949999978,2022-04-05 04:00:00,2022-04-05 04:00:00,1,0.7654993,0.0
238045_ws_temp,0.0,2022-04-05 05:00:00,2022-04-05 05:00:00,1,0.7926902,0.0
4408411600_kW,0.0,2022-04-05 07:00:00,2022-04-05 07:00:00,1,1.293279,0.0
238045_ws_temp,0.0,2022-04-05 09:00:00,2022-04-05 09:00:00,1,0.3172816,0.0
4700008966_kW,0.028974043199999994,2022-04-05 10:00:00,2022-04-05 10:00:00,1,1.1177619,0.0
4700008966_power_hour,0.028974043199999994,2022-04-05 10:00:00,2022-04-05 10:00:00,1,1.1177619,0.0
4700008966_kW,0.028974043199999994,2022-04-05 13:00:00,2022-04-05 13:00:00,1,0.06408771,0.0
4700008966_power_hour,0.028974043199999994,2022-04-05 13:00:00,2022-04-05 13:00:00,1,0.06408771,0.0
4608927500_kvar_hour,0.0,2022-04-06 08:00:00,2022-04-06 08:00:00,1,0.06590422,100.0
4408411600_power_hour,0.22959332949999978,2022-04-06 11:00:00,2022-04-06 11:00:00,1,0.23146437,100.0
sfc_temp_site1_anomaly_score,47.41,2022-04-06 13:00:00,2022-04-06 13:00:00,1,52.37,100.0
4700008966_kW,0.028974043199999994,2022-04-07 09:00:00,2022-04-07 09:00:00,1,0.11631346,0.0
4700008966_power_hour,0.028974043199999994,2022-04-07 09:00:00,2022-04-07 09:00:00,1,0.11631346,0.0
4408411600_kW,0.0,2022-04-10 07:00:00,2022-04-10 07:00:00,1,0.21736005,100.0
4408411600_kW,0.0,2022-04-10 10:00:00,2022-04-10 10:00:00,1,0.57320404,100.0
4408411600_power_hour,0.22959332949999978,2022-04-10 17:00:00,2022-04-10 17:00:00,1,0.3892924,100.0
4408411600_kW,0.0,2022-04-10 18:00:00,2022-04-10 18:00:00,1,0.74505126,100.0
4408411600_power_hour,0.22959332949999978,2022-04-10 22:00:00,2022-04-10 22:00:00,1,0.40232277,100.0
4408411600_kW,0.0,2022-04-10 23:00:00,2022-04-10 23:00:00,1,0.14871138,100.0
4700008966_kW,0.028974043199999994,2022-04-11 22:00:00,2022-04-11 22:00:00,1,2.029001,100.0
4700008966_power_hour,0.028974043199999994,2022-04-11 22:00:00,2022-04-11 22:00:00,1,2.029001,100.0
4408411600_power_hour,0.22959332949999978,2022-04-11 23:00:00,2022-04-11 23:00:00,1,0.94998455,100.0
4408411600_power_hour,0.22959332949999978,2022-04-13 08:00:00,2022-04-13 08:00:00,1,0.58580935,100.0
4408411600_power_hour,0.22959332949999978,2022-04-13 15:00:00,2022-04-13 15:00:00,1,96.24378,100.0
4408411600_kW,0.0,2022-04-13 22:00:00,2022-04-13 22:00:00,1,0.14107473,100.0
4408411600_kW,0.0,2022-04-14 22:00:00,2022-04-14 22:00:00,1,0.2965594,100.0
238045_ws_temp,0.0,2022-04-15 18:00:00,2022-04-15 18:00:00,1,0.47734037,100.0
4408411600_kW,0.0,2022-04-16 17:00:00,2022-04-16 17:00:00,1,0.07317703,100.0
4608927500_kvar_hour,0.0,2022-04-19 07:00:00,2022-04-19 07:00:00,1,82.88344,100.0
4408411600_power_hour,0.22959332949999978,2022-04-19 15:00:00,2022-04-19 15:00:00,1,0.43405002,100.0
4608927500_kvar_hour,0.0,2022-04-20 14:00:00,2022-04-20 14:00:00,1,0.05709319,0.0
4608927500_kvar_hour,0.0,2022-04-21 07:00:00,2022-04-21 07:00:00,1,64.78375,0.0
4408411600_kW,0.0,2022-04-23 17:00:00,2022-04-23 17:00:00,1,0.09530466,0.0
4608927500_kvar_hour,0.0,2022-04-26 22:00:00,2022-04-26 22:00:00,1,0.06174952,0.0
4700008966_kW,0.028974043199999994,2022-04-27 00:00:00,2022-04-27 00:00:00,1,0.03319774,0.0
4700008966_power_hour,0.028974043199999994,2022-04-27 00:00:00,2022-04-27 00:00:00,1,0.03319774,0.0
4608927500_kvar_hour,0.0,2022-04-27 06:00:00,2022-04-27 06:00:00,1,0.25130197,0.0
4608927500_kvar_hour,0.0,2022-04-27 20:00:00,2022-04-27 20:00:00,1,0.090200156,0.0
4700008966_kW,0.028974043199999994,2022-04-29 13:00:00,2022-04-29 13:00:00,1,0.04475677,0.0
4700008966_power_hour,0.028974043199999994,2022-04-29 13:00:00,2022-04-29 13:00:00,1,0.04475677,0.0
4408411600_kW,0.0,2022-04-29 19:00:00,2022-04-29 19:00:00,1,0.13235313,0.0
4700008966_kW,0.028974043199999994,2022-04-30 20:00:00,2022-04-30 20:00:00,1,0.03308185,0.0
4700008966_power_hour,0.028974043199999994,2022-04-30 20:00:00,2022-04-30 20:00:00,1,0.03308185,0.0
238045_ws_temp,0.0,2022-05-02 06:00:00,2022-05-02 06:00:00,1,0.42530575,100.0
238045_ws_temp,0.0,2022-05-03 11:00:00,2022-05-03 11:00:00,1,1.1557858,100.0
238045_ws_temp,0.0,2022-05-03 17:00:00,2022-05-03 17:00:00,1,0.64659923,100.0
4700008966_kW,0.028974043199999994,2022-05-04 07:00:00,2022-05-04 07:00:00,1,0.03101282,100.0
4700008966_power_hour,0.028974043199999994,2022-05-04 07:00:00,2022-05-04 07:00:00,1,0.03101282,100.0
4408411600_kW,0.0,2022-05-04 11:00:00,2022-05-04 11:00:00,1,0.6704094,100.0
4408411600_kW,0.0,2022-05-04 13:00:00,2022-05-04 13:00:00,1,94.83913,100.0
4700008966_kW,0.028974043199999994,2022-05-05 04:00:00,2022-05-05 04:00:00,1,65.00534,0.0
4700008966_power_hour,0.028974043199999994,2022-05-05 04:00:00,2022-05-05 04:00:00,1,42.95474,0.0
4408411600_power_hour,0.22959332949999978,2022-05-06 11:00:00,2022-05-06 11:00:00,1,0.30334085,100.0
4408411600_kW,0.0,2022-05-08 13:00:00,2022-05-08 13:00:00,1,0.05699627,100.0
4408411600_power_hour,0.22959332949999978,2022-05-10 03:00:00,2022-05-10 03:00:00,1,1.1753539,100.0
238045_ws_temp,0.0,2022-05-10 08:00:00,2022-05-10 08:00:00,1,51.963333,100.0
4408411600_kW,0.0,2022-05-10 19:00:00,2022-05-10 19:00:00,1,1.338457,100.0
4408411600_power_hour,0.22959332949999978,2022-05-11 00:00:00,2022-05-11 00:00:00,1,3.8237128,100.0
4608927500_kvar_hour,0.0,2022-05-11 05:00:00,2022-05-11 05:00:00,1,3.4813762,100.0
4608927500_kvar_hour,0.0,2022-05-11 07:00:00,2022-05-11 07:00:00,1,2.8908844,100.0
4408411600_power_hour,0.22959332949999978,2022-05-11 10:00:00,2022-05-11 10:00:00,1,0.66592735,100.0
238045_ws_temp,0.0,2022-05-11 14:00:00,2022-05-11 14:00:00,1,19.165031,100.0
4408411600_power_hour,0.22959332949999978,2022-05-11 18:00:00,2022-05-11 18:00:00,1,0.47019315,100.0
4608927500_kvar_hour,0.0,2022-05-11 18:00:00,2022-05-11 18:00:00,1,0.8731969,100.0
238045_ws_temp,0.0,2022-05-11 22:00:00,2022-05-11 22:00:00,1,17.14463,100.0
4700008966_kW,0.028974043199999994,2022-05-12 23:00:00,2022-05-12 23:00:00,1,0.06624266,100.0
4700008966_power_hour,0.028974043199999994,2022-05-12 23:00:00,2022-05-12 23:00:00,1,0.06624266,100.0
4608927500_kvar_hour,0.0,2022-05-13 10:00:00,2022-05-13 10:00:00,1,32.47983,0.0
4700008966_kW,0.028974043199999994,2022-05-13 18:00:00,2022-05-13 18:00:00,1,0.046020966,0.0
4700008966_power_hour,0.028974043199999994,2022-05-13 18:00:00,2022-05-13 18:00:00,1,0.046020966,0.0
4700008966_kW,0.028974043199999994,2022-05-13 21:00:00,2022-05-13 21:00:00,1,0.03125972,0.0
4700008966_power_hour,0.028974043199999994,2022-05-13 21:00:00,2022-05-13 21:00:00,1,0.03125972,0.0
4408411600_power_hour,0.22959332949999978,2022-05-14 07:00:00,2022-05-14 07:00:00,1,0.53044957,0.0
238045_ws_temp,0.0,2022-05-14 07:00:00,2022-05-14 07:00:00,1,0.25800857,0.0
4700008966_kW,0.028974043199999994,2022-05-14 13:00:00,2022-05-14 13:00:00,1,10.89208,0.0
4700008966_power_hour,0.028974043199999994,2022-05-14 13:00:00,2022-05-14 13:00:00,1,11.21498,0.0
4408411600_power_hour,0.22959332949999978,2022-05-14 16:00:00,2022-05-14 16:00:00,1,11.90875,0.0
238045_ws_temp,0.0,2022-05-14 16:00:00,2022-05-14 16:00:00,1,1.3403507,0.0
238045_ws_temp,0.0,2022-05-14 18:00:00,2022-05-14 18:00:00,1,5.4116697,0.0
4408411600_power_hour,0.22959332949999978,2022-05-15 09:00:00,2022-05-15 09:00:00,1,0.63980484,0.0
4608927500_kvar_hour,0.0,2022-05-16 07:00:00,2022-05-16 07:00:00,1,0.1792736,0.0
4408411600_kW,0.0,2022-05-16 10:00:00,2022-05-16 10:00:00,1,0.21635473,0.0
4608927500_kvar_hour,0.0,2022-05-16 10:00:00,2022-05-16 10:00:00,1,0.1846113,0.0
4408411600_kW,0.0,2022-05-17 14:00:00,2022-05-17 14:00:00,1,0.986672,0.0
4700008966_kW,0.028974043199999994,2022-05-17 15:00:00,2022-05-17 15:00:00,1,21.48242,0.0
4700008966_power_hour,0.028974043199999994,2022-05-17 15:00:00,2022-05-17 15:00:00,1,21.48242,0.0
238045_ws_temp,0.0,2022-05-17 17:00:00,2022-05-17 17:00:00,1,1.0400966,0.0
238045_ws_temp,0.0,2022-05-17 19:00:00,2022-05-17 19:00:00,1,1.0318254,0.0
4608927500_kvar_hour,0.0,2022-05-20 10:00:00,2022-05-20 10:00:00,1,0.03063835,0.0
4408411600_power_hour,0.22959332949999978,2022-05-23 22:00:00,2022-05-23 22:00:00,1,0.2370777,0.0
238045_ws_temp,0.0,2022-05-24 11:00:00,2022-05-24 11:00:00,1,0.9234532,0.0
4700008966_kW,0.028974043199999994,2022-05-25 07:00:00,2022-05-25 07:00:00,1,8.398548,0.0
4700008966_power_hour,0.028974043199999994,2022-05-25 07:00:00,2022-05-25 07:00:00,1,8.398548,0.0
4608927500_kvar_hour,0.0,2022-05-27 09:00:00,2022-05-27 09:00:00,1,0.1805447,0.0
238045_ws_temp,0.0,2022-06-01 21:00:00,2022-06-01 21:00:00,1,0.1002522,100.0
238045_ws_temp,0.0,2022-06-03 17:00:00,2022-06-03 17:00:00,1,0.7277396,100.0
4408411600_power_hour,0.22959332949999978,2022-06-04 00:00:00,2022-06-04 00:00:00,1,0.23597792,100.0
4608927500_kvar_hour,0.0,2022-06-05 09:00:00,2022-06-05 09:00:00,1,55.74708,0.0
4608927500_kvar_hour,0.0,2022-06-07 08:00:00,2022-06-07 08:00:00,1,0.74150705,0.0
4700008966_kW,0.028974043199999994,2022-06-08 13:00:00,2022-06-08 13:00:00,1,0.05034806,100.0
4700008966_power_hour,0.028974043199999994,2022-06-08 13:00:00,2022-06-08 13:00:00,1,0.05034806,100.0
4700008966_kW,0.028974043199999994,2022-06-09 11:00:00,2022-06-09 11:00:00,1,37.52276,100.0
4700008966_power_hour,0.028974043199999994,2022-06-09 11:00:00,2022-06-09 11:00:00,1,37.52276,100.0
4608927500_kvar_hour,0.0,2022-06-09 12:00:00,2022-06-09 12:00:00,1,0.04587289,100.0
4408411600_kW,0.0,2022-06-09 16:00:00,2022-06-09 16:00:00,1,0.3082185,100.0
4408411600_power_hour,0.22959332949999978,2022-06-09 21:00:00,2022-06-09 21:00:00,1,0.4441708,100.0
238045_ws_temp,0.0,2022-06-10 03:00:00,2022-06-10 03:00:00,1,11.64103,100.0
4408411600_power_hour,0.22959332949999978,2022-06-10 05:00:00,2022-06-10 05:00:00,1,11.579927,100.0
4408411600_power_hour,0.22959332949999978,2022-06-10 12:00:00,2022-06-10 12:00:00,1,30.059464,100.0
238045_ws_temp,0.0,2022-06-11 07:00:00,2022-06-11 07:00:00,1,25.69297,100.0
4408411600_power_hour,0.22959332949999978,2022-06-13 04:00:00,2022-06-13 04:00:00,1,0.4311093,100.0
4408411600_kW,0.0,2022-06-13 16:00:00,2022-06-13 16:00:00,1,2.9376783,100.0
238045_ws_temp,0.0,2022-06-16 09:00:00,2022-06-16 09:00:00,1,4.597692,100.0
4700008966_kW,0.028974043199999994,2022-06-17 23:00:00,2022-06-17 23:00:00,1,0.033847585,100.0
4700008966_power_hour,0.028974043199999994,2022-06-17 23:00:00,2022-06-17 23:00:00,1,0.033847585,100.0
238045_ws_temp,0.0,2022-06-18 08:00:00,2022-06-18 08:00:00,1,8.842258,100.0
4408411600_power_hour,0.22959332949999978,2022-06-18 10:00:00,2022-06-18 10:00:00,1,1.8766065,100.0
4408411600_power_hour,0.22959332949999978,2022-06-18 16:00:00,2022-06-18 16:00:00,1,0.977977,100.0
sfc_temp_site1_anomaly_score,47.41,2022-06-20 15:00:00,2022-06-20 15:00:00,1,48.68,100.0
temp_site1_anomaly_score,47.88,2022-06-23 14:00:00,2022-06-23 14:00:00,1,48.75,100.0
4408411600_power_hour,0.22959332949999978,2022-06-26 04:00:00,2022-06-26 04:00:00,1,0.4510296,100.0
238045_ws_temp,0.0,2022-06-26 08:00:00,2022-06-26 08:00:00,1,2.0496068,100.0
238045_ws_temp,0.0,2022-06-26 17:00:00,2022-06-26 17:00:00,1,12.382181,100.0
4408411600_kW,0.0,2022-06-26 19:00:00,2022-06-26 19:00:00,1,6.7758055,100.0
4408411600_power_hour,0.22959332949999978,2022-06-29 10:00:00,2022-06-29 10:00:00,1,0.2921724,100.0
238045_ws_temp,0.0,2022-06-29 17:00:00,2022-06-29 17:00:00,1,15.280849,100.0
238045_ws_temp,0.0,2022-06-29 23:00:00,2022-06-29 23:00:00,1,4.8203583,100.0
4408411600_power_hour,0.22959332949999978,2022-06-30 01:00:00,2022-06-30 01:00:00,1,0.3047419,100.0
4608927500_kvar_hour,0.0,2022-07-01 11:00:00,2022-07-01 11:00:00,1,0.6898985,100.0
238045_ws_temp,0.0,2022-07-03 13:00:00,2022-07-03 13:00:00,1,1.8682562,100.0
238045_ws_temp,0.0,2022-07-05 09:00:00,2022-07-05 09:00:00,1,0.6392893,0.0
4408411600_power_hour,0.22959332949999978,2022-07-06 04:00:00,2022-07-06 04:00:00,1,24.693003,100.0
4408411600_power_hour,0.22959332949999978,2022-07-06 16:00:00,2022-07-06 16:00:00,1,2.4373803,100.0
4700008966_kW,0.028974043199999994,2022-07-06 17:00:00,2022-07-06 17:00:00,1,41.49725,100.0
4700008966_power_hour,0.028974043199999994,2022-07-06 17:00:00,2022-07-06 17:00:00,1,41.49725,100.0
4408411600_power_hour,0.22959332949999978,2022-07-07 21:00:00,2022-07-07 21:00:00,1,1.753713,0.0
4408411600_kW,0.0,2022-07-09 16:00:00,2022-07-09 16:00:00,1,0.22624296,100.0
4608927500_kvar_hour,0.0,2022-07-09 20:00:00,2022-07-09 20:00:00,1,0.066472076,100.0
4700008966_kW,0.028974043199999994,2022-07-10 05:00:00,2022-07-10 05:00:00,1,0.09725484,100.0
4700008966_power_hour,0.028974043199999994,2022-07-10 05:00:00,2022-07-10 05:00:00,1,0.09725484,100.0
4408411600_kW,0.0,2022-07-10 14:00:00,2022-07-10 14:00:00,1,0.49485496,100.0
4408411600_power_hour,0.22959332949999978,2022-07-10 14:00:00,2022-07-10 14:00:00,1,0.28144926,100.0
4408411600_kW,0.0,2022-07-10 19:00:00,2022-07-10 19:00:00,1,0.18899235,100.0
4408411600_kW,0.0,2022-07-13 05:00:00,2022-07-13 05:00:00,1,41.75138,100.0
4700008966_kW,0.028974043199999994,2022-07-13 06:00:00,2022-07-13 06:00:00,1,0.5350655,100.0
4700008966_power_hour,0.028974043199999994,2022-07-13 06:00:00,2022-07-13 06:00:00,1,0.5350655,100.0
4408411600_kW,0.0,2022-07-13 08:00:00,2022-07-13 08:00:00,1,9.59259,100.0
4408411600_kW,0.0,2022-07-13 15:00:00,2022-07-13 15:00:00,1,3.0043433,100.0
4408411600_kW,0.0,2022-07-13 21:00:00,2022-07-13 21:00:00,1,2.5266972,100.0
4608927500_kvar_hour,0.0,2022-07-14 08:00:00,2022-07-14 08:00:00,1,0.43325827,100.0
sfc_temp_site1_anomaly_score,47.41,2022-07-14 15:00:00,2022-07-14 15:00:00,1,61.1,100.0
4408411600_power_hour,0.22959332949999978,2022-07-15 06:00:00,2022-07-15 06:00:00,1,9.724811,100.0
4408411600_power_hour,0.22959332949999978,2022-07-15 13:00:00,2022-07-15 13:00:00,1,0.478449,100.0
4700008966_kW,0.028974043199999994,2022-07-15 15:00:00,2022-07-15 15:00:00,1,0.02918472,100.0
4700008966_power_hour,0.028974043199999994,2022-07-15 15:00:00,2022-07-15 15:00:00,1,0.02918472,100.0
4408411600_power_hour,0.22959332949999978,2022-07-15 15:00:00,2022-07-15 15:00:00,1,0.26023382,100.0
4408411600_power_hour,0.22959332949999978,2022-07-15 18:00:00,2022-07-15 18:00:00,1,0.41373816,100.0
4408411600_power_hour,0.22959332949999978,2022-07-16 14:00:00,2022-07-16 14:00:00,1,0.27122727,100.0
4700008966_kW,0.028974043199999994,2022-07-16 15:00:00,2022-07-16 15:00:00,1,0.1026958,100.0
4700008966_power_hour,0.028974043199999994,2022-07-16 15:00:00,2022-07-16 15:00:00,1,0.1026958,100.0
4700008966_kW,0.028974043199999994,2022-07-16 17:00:00,2022-07-16 17:00:00,1,0.03776992,100.0
4700008966_power_hour,0.028974043199999994,2022-07-16 17:00:00,2022-07-16 17:00:00,1,0.03776992,100.0
4408411600_power_hour,0.22959332949999978,2022-07-16 17:00:00,2022-07-16 17:00:00,1,1.2479575,100.0
4408411600_power_hour,0.22959332949999978,2022-07-17 08:00:00,2022-07-17 08:00:00,1,0.77354884,100.0
4408411600_power_hour,0.22959332949999978,2022-07-17 11:00:00,2022-07-17 11:00:00,1,6.8845124,100.0
4700008966_kW,0.028974043199999994,2022-07-17 12:00:00,2022-07-17 12:00:00,1,0.3455304,100.0
4700008966_power_hour,0.028974043199999994,2022-07-17 12:00:00,2022-07-17 12:00:00,1,0.3455304,100.0
4408411600_power_hour,0.22959332949999978,2022-07-17 14:00:00,2022-07-17 14:00:00,1,0.4217297,100.0
4700008966_kW,0.028974043199999994,2022-07-17 16:00:00,2022-07-17 16:00:00,1,0.05183355,100.0
4700008966_power_hour,0.028974043199999994,2022-07-17 16:00:00,2022-07-17 16:00:00,1,0.05183355,100.0
4700008966_kW,0.028974043199999994,2022-07-17 20:00:00,2022-07-17 20:00:00,1,0.03047674,100.0
4700008966_power_hour,0.028974043199999994,2022-07-17 20:00:00,2022-07-17 20:00:00,1,0.03047674,100.0
4408411600_power_hour,0.22959332949999978,2022-07-17 21:00:00,2022-07-17 21:00:00,1,6.3832393,100.0
4408411600_power_hour,0.22959332949999978,2022-07-18 06:00:00,2022-07-18 06:00:00,1,0.5065383,100.0
4408411600_power_hour,0.22959332949999978,2022-07-18 08:00:00,2022-07-18 08:00:00,1,0.26317972,100.0
4408411600_power_hour,0.22959332949999978,2022-07-19 06:00:00,2022-07-19 06:00:00,1,0.5004368,100.0
4608927500_kvar_hour,0.0,2022-07-19 10:00:00,2022-07-19 10:00:00,1,0.2020592,100.0
4608927500_kvar_hour,0.0,2022-07-20 14:00:00,2022-07-20 14:00:00,1,6.8639226,100.0
4408411600_kW,0.0,2022-07-20 15:00:00,2022-07-20 15:00:00,1,0.3210235,100.0
4408411600_kW,0.0,2022-07-21 22:00:00,2022-07-21 22:00:00,1,0.06081665,100.0
4408411600_power_hour,0.22959332949999978,2022-07-22 07:00:00,2022-07-22 07:00:00,1,0.443223,100.0
4408411600_power_hour,0.22959332949999978,2022-07-23 00:00:00,2022-07-23 00:00:00,1,1.1304089,100.0
4408411600_kW,0.0,2022-07-23 01:00:00,2022-07-23 01:00:00,1,0.2052308,100.0
4408411600_kW,0.0,2022-07-23 06:00:00,2022-07-23 06:00:00,1,0.2036017,100.0
4408411600_power_hour,0.22959332949999978,2022-07-23 06:00:00,2022-07-23 06:00:00,1,0.56821454,100.0
4408411600_power_hour,0.22959332949999978,2022-07-23 09:00:00,2022-07-23 09:00:00,1,0.52431524,100.0
4408411600_power_hour,0.22959332949999978,2022-07-23 18:00:00,2022-07-23 18:00:00,1,1.118943,100.0
4408411600_kW,0.0,2022-07-23 19:00:00,2022-07-23 19:00:00,1,0.1463623,100.0
4408411600_kW,0.0,2022-07-26 13:00:00,2022-07-26 13:00:00,1,0.05483586,100.0
sfc_temp_site1_anomaly_score,47.41,2022-07-27 09:00:00,2022-07-27 09:00:00,1,49.51,100.0
4408411600_kW,0.0,2022-07-27 13:00:00,2022-07-27 13:00:00,1,0.04646358,100.0
4408411600_kW,0.0,2022-07-27 18:00:00,2022-07-27 18:00:00,1,0.06221728,100.0
4700008966_kW,0.028974043199999994,2022-07-30 00:00:00,2022-07-30 00:00:00,1,0.03185068,100.0
4700008966_power_hour,0.028974043199999994,2022-07-30 00:00:00,2022-07-30 00:00:00,1,0.03185068,100.0
4608927500_kvar_hour,0.0,2022-07-30 09:00:00,2022-07-30 09:00:00,1,0.4515036,100.0
4700008966_kW,0.028974043199999994,2022-07-31 17:00:00,2022-07-31 17:00:00,1,0.5414462,100.0
4700008966_power_hour,0.028974043199999994,2022-07-31 17:00:00,2022-07-31 17:00:00,1,0.5414462,100.0
238045_ws_temp,0.0,2022-08-01 06:00:00,2022-08-01 06:00:00,1,0.3158852,100.0
238045_ws_temp,0.0,2022-08-01 08:00:00,2022-08-01 08:00:00,1,95.76311,100.0
4700008966_kW,0.028974043199999994,2022-08-01 15:00:00,2022-08-01 15:00:00,1,0.06089307,100.0
4700008966_power_hour,0.028974043199999994,2022-08-01 15:00:00,2022-08-01 15:00:00,1,0.06089307,100.0
4700008966_kW,0.028974043199999994,2022-08-01 17:00:00,2022-08-01 17:00:00,1,0.08277693,100.0
4700008966_power_hour,0.028974043199999994,2022-08-01 17:00:00,2022-08-01 17:00:00,1,0.08277693,100.0
238045_ws_temp,0.0,2022-08-01 21:00:00,2022-08-01 21:00:00,1,30.85987,100.0
4608927500_kvar_hour,0.0,2022-08-02 00:00:00,2022-08-02 00:00:00,1,0.1207672,100.0
4608927500_kvar_hour,0.0,2022-08-03 08:00:00,2022-08-03 08:00:00,1,14.69858,100.0
4608927500_kvar_hour,0.0,2022-08-03 12:00:00,2022-08-03 12:00:00,1,0.5925572,100.0
4608927500_kvar_hour,0.0,2022-08-04 07:00:00,2022-08-04 07:00:00,1,11.14764,100.0
238045_ws_temp,0.0,2022-08-05 02:00:00,2022-08-05 02:00:00,1,1.216279,0.0
4408411600_power_hour,0.22959332949999978,2022-08-05 04:00:00,2022-08-05 04:00:00,1,26.69079,0.0
4408411600_power_hour,0.22959332949999978,2022-08-05 06:00:00,2022-08-05 06:00:00,1,1.324819,0.0
4408411600_kW,0.0,2022-08-05 08:00:00,2022-08-05 08:00:00,1,0.42672357,0.0
4408411600_power_hour,0.22959332949999978,2022-08-05 16:00:00,2022-08-05 16:00:00,1,2.553181,0.0
238045_ws_temp,0.0,2022-08-05 21:00:00,2022-08-05 21:00:00,1,7.9848976,0.0
4408411600_kW,0.0,2022-08-05 23:00:00,2022-08-05 23:00:00,1,0.26496875,0.0
4408411600_power_hour,0.22959332949999978,2022-08-05 23:00:00,2022-08-05 23:00:00,1,29.48172,0.0
4408411600_power_hour,0.22959332949999978,2022-08-06 04:00:00,2022-08-06 04:00:00,1,68.14398,100.0
4608927500_kvar_hour,0.0,2022-08-06 04:00:00,2022-08-06 04:00:00,1,0.10692658,100.0
4408411600_power_hour,0.22959332949999978,2022-08-06 07:00:00,2022-08-06 07:00:00,1,0.3226406,100.0
4608927500_kvar_hour,0.0,2022-08-06 15:00:00,2022-08-06 15:00:00,1,0.090981334,100.0
4408411600_kW,0.0,2022-08-06 18:00:00,2022-08-06 18:00:00,1,2.587785,100.0
4408411600_kW,0.0,2022-08-06 20:00:00,2022-08-06 20:00:00,1,2.5792506,100.0
238045_ws_temp,0.0,2022-08-07 00:00:00,2022-08-07 00:00:00,1,2.5013747,0.0
4700008966_kW,0.028974043199999994,2022-08-08 00:00:00,2022-08-08 00:00:00,1,0.03021582,100.0
4700008966_power_hour,0.028974043199999994,2022-08-08 00:00:00,2022-08-08 00:00:00,1,0.03021582,100.0
4608927500_kvar_hour,0.0,2022-08-09 02:00:00,2022-08-09 02:00:00,1,0.26899344,100.0
4608927500_kvar_hour,0.0,2022-08-09 15:00:00,2022-08-09 15:00:00,1,0.2687475,100.0
4608927500_kvar_hour,0.0,2022-08-10 21:00:00,2022-08-10 21:00:00,1,1.3847227,100.0
4608927500_kvar_hour,0.0,2022-08-11 11:00:00,2022-08-11 11:00:00,1,6.077336,100.0
4408411600_power_hour,0.22959332949999978,2022-08-16 04:00:00,2022-08-16 04:00:00,1,11.949637,100.0
sfc_temp_site1_anomaly_score,47.41,2022-08-16 13:00:00,2022-08-16 13:00:00,1,53.05,100.0
4408411600_kW,0.0,2022-08-16 15:00:00,2022-08-16 15:00:00,1,0.15989135,100.0
4408411600_power_hour,0.22959332949999978,2022-08-16 15:00:00,2022-08-16 15:00:00,1,2.2903562,100.0
4408411600_kW,0.0,2022-08-16 18:00:00,2022-08-16 18:00:00,1,0.33530226,100.0
4408411600_kW,0.0,2022-08-16 21:00:00,2022-08-16 21:00:00,1,0.15982077,100.0
4408411600_kW,0.0,2022-08-17 05:00:00,2022-08-17 05:00:00,1,0.06644515,100.0
4408411600_power_hour,0.22959332949999978,2022-08-17 14:00:00,2022-08-17 14:00:00,1,2.9625568,100.0
4408411600_power_hour,0.22959332949999978,2022-08-18 01:00:00,2022-08-18 01:00:00,1,1.3690085,100.0
4408411600_power_hour,0.22959332949999978,2022-08-18 09:00:00,2022-08-18 09:00:00,1,0.7182444,100.0
4408411600_kW,0.0,2022-08-18 16:00:00,2022-08-18 16:00:00,1,0.098979466,100.0
4408411600_kW,0.0,2022-08-18 21:00:00,2022-08-18 21:00:00,1,0.60755515,100.0
4608927500_kvar_hour,0.0,2022-08-19 00:00:00,2022-08-19 00:00:00,1,0.2110256,100.0
4700008966_kW,0.028974043199999994,2022-08-19 18:00:00,2022-08-19 18:00:00,1,0.4219866,100.0
4700008966_power_hour,0.028974043199999994,2022-08-19 18:00:00,2022-08-19 18:00:00,1,0.4219866,100.0
4700008966_kW,0.028974043199999994,2022-08-21 13:00:00,2022-08-21 13:00:00,1,10.61252,100.0
4700008966_power_hour,0.028974043199999994,2022-08-21 13:00:00,2022-08-21 13:00:00,1,10.61252,100.0
4700008966_kW,0.028974043199999994,2022-08-22 05:00:00,2022-08-22 05:00:00,1,0.032940634,100.0
4700008966_power_hour,0.028974043199999994,2022-08-22 05:00:00,2022-08-22 05:00:00,1,0.032940634,100.0
4408411600_power_hour,0.22959332949999978,2022-08-27 13:00:00,2022-08-27 13:00:00,1,2.8188403,100.0
4700008966_kW,0.028974043199999994,2022-08-28 01:00:00,2022-08-28 01:00:00,1,22.963577,100.0
4700008966_power_hour,0.028974043199999994,2022-08-28 01:00:00,2022-08-28 01:00:00,1,22.963577,100.0
sfc_temp_site1_anomaly_score,47.41,2022-08-29 12:00:00,2022-08-29 12:00:00,1,48.11,100.0
238045_ws_temp,0.0,2022-09-01 17:00:00,2022-09-01 17:00:00,1,62.06383,100.0
238045_ws_temp,0.0,2022-09-02 07:00:00,2022-09-02 07:00:00,1,0.40507546,100.0
4408411600_power_hour,0.22959332949999978,2022-09-04 06:00:00,2022-09-04 06:00:00,1,0.5157872,100.0
238045_ws_temp,0.0,2022-09-04 16:00:00,2022-09-04 16:00:00,1,0.29339346,100.0
4408411600_power_hour,0.22959332949999978,2022-09-05 00:00:00,2022-09-05 00:00:00,1,0.7048825,0.0
4408411600_power_hour,0.22959332949999978,2022-09-05 04:00:00,2022-09-05 04:00:00,1,0.9269763,0.0
4408411600_power_hour,0.22959332949999978,2022-09-05 07:00:00,2022-09-05 07:00:00,1,71.02521,0.0
4408411600_power_hour,0.22959332949999978,2022-09-05 17:00:00,2022-09-05 17:00:00,1,0.75087273,0.0
4408411600_kW,0.0,2022-09-05 18:00:00,2022-09-05 18:00:00,1,0.77046293,0.0
4408411600_kW,0.0,2022-09-06 15:00:00,2022-09-06 15:00:00,1,2.194362,100.0
4608927500_kvar_hour,0.0,2022-09-06 16:00:00,2022-09-06 16:00:00,1,68.29413,100.0
4408411600_kW,0.0,2022-09-06 18:00:00,2022-09-06 18:00:00,1,2.5260875,100.0
4608927500_kvar_hour,0.0,2022-09-06 18:00:00,2022-09-06 18:00:00,1,0.18461823,100.0
4408411600_kW,0.0,2022-09-06 21:00:00,2022-09-06 21:00:00,1,3.543372,100.0
4700008966_kW,0.028974043199999994,2022-09-07 06:00:00,2022-09-07 06:00:00,1,0.05497807,0.0
4700008966_power_hour,0.028974043199999994,2022-09-07 06:00:00,2022-09-07 06:00:00,1,0.05497807,0.0
4408411600_power_hour,0.22959332949999978,2022-09-07 06:00:00,2022-09-07 06:00:00,1,0.4742785,0.0
4700008966_kW,0.028974043199999994,2022-09-07 09:00:00,2022-09-07 09:00:00,1,0.032031972,0.0
4700008966_power_hour,0.028974043199999994,2022-09-07 09:00:00,2022-09-07 09:00:00,1,0.032031972,0.0
4700008966_kW,0.028974043199999994,2022-09-07 11:00:00,2022-09-07 11:00:00,1,0.09381696,0.0
4700008966_power_hour,0.028974043199999994,2022-09-07 11:00:00,2022-09-07 11:00:00,1,0.09381696,0.0
4408411600_power_hour,0.22959332949999978,2022-09-07 11:00:00,2022-09-07 11:00:00,1,91.63671,0.0
4408411600_power_hour,0.22959332949999978,2022-09-07 14:00:00,2022-09-07 14:00:00,1,0.55535436,0.0
238045_ws_temp,0.0,2022-09-08 16:00:00,2022-09-08 16:00:00,1,27.138445,100.0
4700008966_kW,0.028974043199999994,2022-09-09 15:00:00,2022-09-09 15:00:00,1,0.051293697,100.0
4700008966_power_hour,0.028974043199999994,2022-09-09 15:00:00,2022-09-09 15:00:00,1,0.051293697,100.0
4608927500_kvar_hour,0.0,2022-09-11 16:00:00,2022-09-11 16:00:00,1,3.6703565,100.0
4608927500_kvar_hour,0.0,2022-09-11 18:00:00,2022-09-11 18:00:00,1,1.3555973,100.0
238045_ws_temp,0.0,2022-09-14 03:00:00,2022-09-14 03:00:00,1,9.972162,100.0
4700008966_kW,0.028974043199999994,2022-09-14 22:00:00,2022-09-14 22:00:00,1,35.67809,100.0
4700008966_power_hour,0.028974043199999994,2022-09-14 22:00:00,2022-09-14 22:00:00,1,35.67809,100.0
4408411600_power_hour,0.22959332949999978,2022-09-17 14:00:00,2022-09-17 14:00:00,1,0.4378679,0.0
4700008966_kW,0.028974043199999994,2022-09-17 15:00:00,2022-09-17 15:00:00,1,0.10364561,0.0
4700008966_power_hour,0.028974043199999994,2022-09-17 15:00:00,2022-09-17 15:00:00,1,0.10364561,0.0
4700008966_kW,0.028974043199999994,2022-09-17 17:00:00,2022-09-17 17:00:00,1,0.10884451,0.0
4700008966_power_hour,0.028974043199999994,2022-09-17 17:00:00,2022-09-17 17:00:00,1,0.10884451,0.0
4408411600_kW,0.0,2022-09-17 20:00:00,2022-09-17 20:00:00,1,0.5185152,0.0
4608927500_kvar_hour,0.0,2022-09-19 14:00:00,2022-09-19 14:00:00,1,0.16087988,0.0
4700008966_kW,0.028974043199999994,2022-09-24 17:00:00,2022-09-24 17:00:00,1,1.2094853,100.0
4700008966_power_hour,0.028974043199999994,2022-09-24 17:00:00,2022-09-24 17:00:00,1,1.2094853,100.0
4408411600_power_hour,0.22959332949999978,2022-09-25 13:00:00,2022-09-25 13:00:00,1,0.357164,100.0
4408411600_power_hour,0.22959332949999978,2022-09-25 17:00:00,2022-09-25 17:00:00,1,0.4698707,100.0
4408411600_power_hour,0.22959332949999978,2022-09-26 05:00:00,2022-09-26 05:00:00,1,0.507313,100.0
4608927500_kvar_hour,0.0,2022-09-27 12:00:00,2022-09-27 12:00:00,1,2.0700483,100.0
4608927500_kvar_hour,0.0,2022-09-28 14:00:00,2022-09-28 14:00:00,1,0.35134152,100.0
4608927500_kvar_hour,0.0,2022-09-28 19:00:00,2022-09-28 19:00:00,1,0.20267619,100.0
4408411600_power_hour,0.22959332949999978,2022-09-29 09:00:00,2022-09-29 09:00:00,1,0.36687815,100.0
4408411600_power_hour,0.22959332949999978,2022-09-29 12:00:00,2022-09-29 12:00:00,1,0.60387737,100.0
238045_ws_temp,0.0,2022-09-29 16:00:00,2022-09-29 16:00:00,1,3.885575,100.0
238045_ws_temp,0.0,2022-10-01 04:00:00,2022-10-01 04:00:00,1,0.14136724,100.0
238045_ws_temp,0.0,2022-10-01 07:00:00,2022-10-01 07:00:00,1,3.638648,100.0
4700008966_kW,0.028974043199999994,2022-10-01 10:00:00,2022-10-01 10:00:00,1,0.09255962,100.0
4700008966_power_hour,0.028974043199999994,2022-10-01 10:00:00,2022-10-01 10:00:00,1,0.09255962,100.0
4608927500_kvar_hour,0.0,2022-10-01 12:00:00,2022-10-01 12:00:00,1,0.20686701,100.0
238045_ws_temp,0.0,2022-10-01 16:00:00,2022-10-01 16:00:00,1,0.13199037,100.0
238045_ws_temp,0.0,2022-10-01 20:00:00,2022-10-01 20:00:00,1,0.10784808,100.0
238045_ws_temp,0.0,2022-10-02 07:00:00,2022-10-02 07:00:00,1,0.16901197,100.0
4608927500_kvar_hour,0.0,2022-10-03 08:00:00,2022-10-03 08:00:00,1,3.557011,100.0
238045_ws_temp,0.0,2022-10-03 20:00:00,2022-10-03 20:00:00,1,0.5440022,100.0
temp_site1_anomaly_score,47.88,2022-10-03 23:00:00,2022-10-03 23:00:00,1,60.37,100.0
4608927500_kvar_hour,0.0,2022-10-04 02:00:00,2022-10-04 02:00:00,1,0.24703419,100.0
238045_ws_temp,0.0,2022-10-04 10:00:00,2022-10-04 10:00:00,1,0.62136346,100.0
4408411600_kW,0.0,2022-10-04 11:00:00,2022-10-04 11:00:00,1,0.25682387,100.0
4408411600_kW,0.0,2022-10-04 15:00:00,2022-10-04 15:00:00,1,0.069746286,100.0
4608927500_kvar_hour,0.0,2022-10-04 23:00:00,2022-10-04 23:00:00,1,0.10733692,100.0
4408411600_power_hour,0.22959332949999978,2022-10-05 04:00:00,2022-10-05 04:00:00,1,0.46289977,0.0
4408411600_power_hour,0.22959332949999978,2022-10-05 13:00:00,2022-10-05 13:00:00,1,43.79158,0.0
4408411600_kW,0.0,2022-10-06 16:00:00,2022-10-06 16:00:00,1,1.4879689,100.0
4408411600_power_hour,0.22959332949999978,2022-10-07 05:00:00,2022-10-07 05:00:00,1,7.2768707,0.0
4408411600_power_hour,0.22959332949999978,2022-10-07 17:00:00,2022-10-07 17:00:00,1,0.35066852,0.0
4408411600_kW,0.0,2022-10-09 20:00:00,2022-10-09 20:00:00,1,0.58890957,100.0
4408411600_power_hour,0.22959332949999978,2022-10-10 07:00:00,2022-10-10 07:00:00,1,0.63391966,100.0
4408411600_power_hour,0.22959332949999978,2022-10-11 23:00:00,2022-10-11 23:00:00,1,0.3795582,100.0
4408411600_power_hour,0.22959332949999978,2022-10-13 08:00:00,2022-10-13 08:00:00,1,11.552,100.0
4408411600_kW,0.0,2022-10-13 17:00:00,2022-10-13 17:00:00,1,0.23438145,100.0
4408411600_power_hour,0.22959332949999978,2022-10-13 23:00:00,2022-10-13 23:00:00,1,14.746148,100.0
4408411600_power_hour,0.22959332949999978,2022-10-14 08:00:00,2022-10-14 08:00:00,1,20.781506,100.0
4408411600_power_hour,0.22959332949999978,2022-10-15 20:00:00,2022-10-15 20:00:00,1,19.225176,100.0
4608927500_kvar_hour,0.0,2022-10-16 00:00:00,2022-10-16 00:00:00,1,0.4101591,100.0
4408411600_power_hour,0.22959332949999978,2022-10-16 08:00:00,2022-10-16 08:00:00,1,2.6904235,100.0
4700008966_kW,0.028974043199999994,2022-10-16 16:00:00,2022-10-16 16:00:00,1,0.03666517,100.0
4700008966_power_hour,0.028974043199999994,2022-10-16 16:00:00,2022-10-16 16:00:00,1,0.03666517,100.0
4408411600_power_hour,0.22959332949999978,2022-10-17 20:00:00,2022-10-17 20:00:00,1,1.3252916,100.0
4408411600_power_hour,0.22959332949999978,2022-10-18 20:00:00,2022-10-18 20:00:00,1,0.3409741,100.0
4608927500_kvar_hour,0.0,2022-10-19 11:00:00,2022-10-19 11:00:00,1,2.7752166,100.0
4408411600_power_hour,0.22959332949999978,2022-10-19 20:00:00,2022-10-19 20:00:00,1,0.2563308,100.0
4408411600_power_hour,0.22959332949999978,2022-10-21 21:00:00,2022-10-21 21:00:00,1,0.24412191,100.0
4408411600_power_hour,0.22959332949999978,2022-10-22 08:00:00,2022-10-22 08:00:00,1,0.27255768,100.0
4608927500_kvar_hour,0.0,2022-10-24 21:00:00,2022-10-24 21:00:00,1,9.42809,100.0
4700008966_kW,0.028974043199999994,2022-10-25 08:00:00,2022-10-25 08:00:00,1,0.040132582,100.0
4700008966_power_hour,0.028974043199999994,2022-10-25 08:00:00,2022-10-25 08:00:00,1,0.040132582,100.0
4608927500_kvar_hour,0.0,2022-10-25 10:00:00,2022-10-25 10:00:00,1,2.4649696,100.0
238045_ws_temp,0.0,2022-10-25 21:00:00,2022-10-25 21:00:00,1,24.87299,100.0
4408411600_power_hour,0.22959332949999978,2022-10-25 23:00:00,2022-10-25 23:00:00,1,10.287144,100.0
4408411600_kW,0.0,2022-10-26 00:00:00,2022-10-26 00:00:00,1,2.4156308,100.0
4408411600_power_hour,0.22959332949999978,2022-10-26 22:00:00,2022-10-26 22:00:00,1,2.0622928,100.0
4408411600_kW,0.0,2022-10-26 23:00:00,2022-10-26 23:00:00,1,1.1813047,100.0
4408411600_power_hour,0.22959332949999978,2022-10-27 23:00:00,2022-10-27 23:00:00,1,14.170351,100.0
4700008966_kW,0.028974043199999994,2022-10-29 11:00:00,2022-10-29 11:00:00,1,0.24533239,0.0
4700008966_power_hour,0.028974043199999994,2022-10-29 11:00:00,2022-10-29 11:00:00,1,0.24533239,0.0
238045_ws_temp,0.0,2022-11-01 06:00:00,2022-11-01 06:00:00,1,0.09738861,100.0
238045_ws_temp,0.0,2022-11-02 06:00:00,2022-11-02 06:00:00,1,0.5795786,100.0
temp_site1_anomaly_score,47.88,2022-11-03 23:00:00,2022-11-03 23:00:00,1,50.82,100.0
4608927500_kvar_hour,0.0,2022-11-04 13:00:00,2022-11-04 13:00:00,1,0.11844603,100.0
4408411600_power_hour,0.22959332949999978,2022-11-04 17:00:00,2022-11-04 17:00:00,1,1.0519732,100.0
4408411600_power_hour,0.22959332949999978,2022-11-04 20:00:00,2022-11-04 20:00:00,1,0.3216814,100.0
4408411600_kW,0.0,2022-11-05 21:00:00,2022-11-05 21:00:00,1,0.3733983,0.0
4608927500_kvar_hour,0.0,2022-11-07 08:00:00,2022-11-07 08:00:00,1,2.1817095,0.0
238045_ws_temp,0.0,2022-11-08 11:00:00,2022-11-08 11:00:00,1,17.081316,100.0
4408411600_power_hour,0.22959332949999978,2022-11-09 03:00:00,2022-11-09 03:00:00,1,0.6235416,100.0
238045_ws_temp,0.0,2022-11-09 14:00:00,2022-11-09 14:00:00,1,6.184704,100.0
4408411600_power_hour,0.22959332949999978,2022-11-10 07:00:00,2022-11-10 07:00:00,1,0.55134887,100.0
4608927500_kvar_hour,0.0,2022-11-10 07:00:00,2022-11-10 07:00:00,1,0.9686925,100.0
4408411600_power_hour,0.22959332949999978,2022-11-10 20:00:00,2022-11-10 20:00:00,1,21.252916,100.0
4408411600_power_hour,0.22959332949999978,2022-11-11 23:00:00,2022-11-11 23:00:00,1,0.3926802,100.0
4608927500_kvar_hour,0.0,2022-11-12 08:00:00,2022-11-12 08:00:00,1,0.252302,100.0
4608927500_kvar_hour,0.0,2022-11-12 16:00:00,2022-11-12 16:00:00,1,0.09821577,100.0
4608927500_kvar_hour,0.0,2022-11-13 06:00:00,2022-11-13 06:00:00,1,5.8236184,100.0
4608927500_kvar_hour,0.0,2022-11-14 11:00:00,2022-11-14 11:00:00,1,3.3831024,100.0
4408411600_power_hour,0.22959332949999978,2022-11-15 23:00:00,2022-11-15 23:00:00,1,0.4522297,100.0
4408411600_power_hour,0.22959332949999978,2022-11-16 23:00:00,2022-11-16 23:00:00,1,0.444455,100.0
4408411600_kW,0.0,2022-11-17 11:00:00,2022-11-17 11:00:00,1,0.9498995,100.0
4608927500_kvar_hour,0.0,2022-11-20 07:00:00,2022-11-20 07:00:00,1,4.598926,100.0
4608927500_kvar_hour,0.0,2022-11-26 07:00:00,2022-11-26 07:00:00,1,0.2051776,100.0
238045_ws_temp,0.0,2022-11-27 06:00:00,2022-11-27 06:00:00,1,27.44972,100.0
4408411600_kW,0.0,2022-11-27 21:00:00,2022-11-27 21:00:00,1,0.1545369,100.0
4408411600_kW,0.0,2022-12-04 12:00:00,2022-12-04 12:00:00,1,0.089372896,100.0
4608927500_kvar_hour,0.0,2022-12-04 14:00:00,2022-12-04 14:00:00,1,0.33578813,100.0
4408411600_power_hour,0.22959332949999978,2022-12-04 17:00:00,2022-12-04 17:00:00,1,1.1023672,100.0
4608927500_kvar_hour,0.0,2022-12-04 23:00:00,2022-12-04 23:00:00,1,0.08588211,100.0
4408411600_kW,0.0,2022-12-06 10:00:00,2022-12-06 10:00:00,1,1.0104302,100.0
4408411600_kW,0.0,2022-12-07 12:00:00,2022-12-07 12:00:00,1,6.7776265,0.0
4408411600_kW,0.0,2022-12-08 05:00:00,2022-12-08 05:00:00,1,0.1432684,100.0
4608927500_kvar_hour,0.0,2022-12-08 05:00:00,2022-12-08 05:00:00,1,0.1537296,100.0
sfc_temp_site1_anomaly_score,47.41,2022-12-08 12:00:00,2022-12-08 12:00:00,1,47.73,100.0
238045_ws_temp,0.0,2022-12-10 07:00:00,2022-12-10 07:00:00,1,10.790545,100.0
4408411600_kW,0.0,2022-12-10 17:00:00,2022-12-10 17:00:00,1,0.62437266,100.0
4408411600_kW,0.0,2022-12-10 21:00:00,2022-12-10 21:00:00,1,0.1735172,100.0
4408411600_kW,0.0,2022-12-10 23:00:00,2022-12-10 23:00:00,1,0.8177631,100.0
4408411600_power_hour,0.22959332949999978,2022-12-10 23:00:00,2022-12-10 23:00:00,1,0.89214486,100.0
4408411600_kW,0.0,2022-12-11 11:00:00,2022-12-11 11:00:00,1,3.472842,100.0
sfc_temp_site1_anomaly_score,47.41,2022-12-13 03:00:00,2022-12-13 03:00:00,1,55.41,100.0
4408411600_kW,0.0,2022-12-18 17:00:00,2022-12-18 17:00:00,1,0.1849112,100.0
4408411600_power_hour,0.22959332949999978,2022-12-18 17:00:00,2022-12-18 17:00:00,1,0.72998655,100.0
4408411600_kW,0.0,2022-12-19 03:00:00,2022-12-19 03:00:00,1,1.440584,100.0
238045_ws_temp,0.0,2022-12-19 05:00:00,2022-12-19 05:00:00,1,23.009996,100.0
sfc_temp_site1_anomaly_score,47.41,2022-12-19 06:00:00,2022-12-19 06:00:00,1,55.41,100.0
238045_ws_temp,0.0,2022-12-19 09:00:00,2022-12-19 09:00:00,1,23.70057,100.0
4408411600_power_hour,0.22959332949999978,2022-12-19 14:00:00,2022-12-19 14:00:00,1,0.717638,100.0
4408411600_power_hour,0.22959332949999978,2022-12-19 16:00:00,2022-12-19 16:00:00,1,0.5000149,100.0
4408411600_power_hour,0.22959332949999978,2022-12-19 22:00:00,2022-12-19 22:00:00,1,3.856802,100.0
4408411600_power_hour,0.22959332949999978,2022-12-20 05:00:00,2022-12-20 05:00:00,1,0.2543787,100.0
4408411600_kW,0.0,2022-12-20 07:00:00,2022-12-20 07:00:00,1,0.1686876,100.0
4408411600_power_hour,0.22959332949999978,2022-12-21 06:00:00,2022-12-21 06:00:00,1,0.7590343,100.0
4608927500_kvar_hour,0.0,2022-12-21 09:00:00,2022-12-21 09:00:00,1,69.84951,100.0
4408411600_kW,0.0,2022-12-21 11:00:00,2022-12-21 11:00:00,1,0.50708646,100.0
4408411600_kW,0.0,2022-12-21 14:00:00,2022-12-21 14:00:00,1,0.38388485,100.0
4408411600_kW,0.0,2022-12-21 17:00:00,2022-12-21 17:00:00,1,0.33520094,100.0
4608927500_kvar_hour,0.0,2022-12-22 07:00:00,2022-12-22 07:00:00,1,6.798574,100.0
4408411600_kW,0.0,2022-12-22 11:00:00,2022-12-22 11:00:00,1,0.28233624,100.0
4408411600_kW,0.0,2022-12-22 14:00:00,2022-12-22 14:00:00,1,0.28860372,100.0
4700008966_kW,0.028974043199999994,2022-12-22 23:00:00,2022-12-22 23:00:00,1,0.03862756,100.0
4700008966_power_hour,0.028974043199999994,2022-12-22 23:00:00,2022-12-22 23:00:00,1,0.03862756,100.0
4408411600_power_hour,0.22959332949999978,2022-12-23 05:00:00,2022-12-23 05:00:00,1,0.3892761,100.0
4408411600_kW,0.0,2022-12-23 12:00:00,2022-12-23 12:00:00,1,0.9383065,100.0
4408411600_power_hour,0.22959332949999978,2022-12-23 23:00:00,2022-12-23 23:00:00,1,0.48766512,100.0
4408411600_power_hour,0.22959332949999978,2022-12-24 22:00:00,2022-12-24 22:00:00,1,1.1478766,100.0
4408411600_kW,0.0,2022-12-24 23:00:00,2022-12-24 23:00:00,1,0.32610455,100.0
4408411600_kW,0.0,2022-12-25 20:00:00,2022-12-25 20:00:00,1,0.45571157,100.0
238045_ws_temp,0.0,2022-12-25 20:00:00,2022-12-25 20:00:00,1,15.437545,100.0
4408411600_power_hour,0.22959332949999978,2022-12-25 22:00:00,2022-12-25 22:00:00,1,0.9304609,100.0
238045_ws_temp,0.0,2022-12-26 07:00:00,2022-12-26 07:00:00,1,10.787456,100.0
4700008966_kW,0.028974043199999994,2022-12-26 09:00:00,2022-12-26 09:00:00,1,0.05808315,100.0
4700008966_power_hour,0.028974043199999994,2022-12-26 09:00:00,2022-12-26 09:00:00,1,0.05808315,100.0
4608927500_kvar_hour,0.0,2022-12-27 00:00:00,2022-12-27 00:00:00,1,0.51514226,100.0
4608927500_kvar_hour,0.0,2022-12-27 02:00:00,2022-12-27 02:00:00,1,0.30575976,100.0
4608927500_kvar_hour,0.0,2022-12-28 00:00:00,2022-12-28 00:00:00,1,0.19451347,0.0
4408411600_power_hour,0.22959332949999978,2022-12-30 06:00:00,2022-12-30 06:00:00,1,0.55463284,0.0
4408411600_power_hour,0.22959332949999978,2022-12-30 11:00:00,2022-12-30 11:00:00,1,1.5509169,0.0
