signal,threshold_p95,start_time,end_time,duration_hours,peak_value,fault_within_24h,fault_within_48h,fault_within_72h,fault_within_7d,hours_to_first_fault
238045_ws_temp,0.0,2022-01-02 04:00:00,2022-01-02 04:00:00,1,0.4125608,1,1,1,1,1.0
238045_ws_temp,0.0,2022-01-02 06:00:00,2022-01-02 06:00:00,1,0.5722623,1,1,1,1,1.0
238045_ws_temp,0.0,2022-01-02 13:00:00,2022-01-02 13:00:00,1,0.57416457,1,1,1,1,1.0
238045_ws_temp,0.0,2022-01-13 06:00:00,2022-01-13 06:00:00,1,22.03671,1,1,1,1,1.0
238045_ws_temp,0.0,2022-01-13 21:00:00,2022-01-13 21:00:00,1,0.09051441,1,1,1,1,1.0
238045_ws_temp,0.0,2022-01-18 20:00:00,2022-01-18 20:00:00,1,3.1918004,1,1,1,1,1.0
238045_ws_temp,0.0,2022-01-19 23:00:00,2022-01-19 23:00:00,1,0.33826527,1,1,1,1,1.0
238045_ws_temp,0.0,2022-01-20 11:00:00,2022-01-20 11:00:00,1,0.087815784,1,1,1,1,1.0
238045_ws_temp,0.0,2022-01-21 20:00:00,2022-01-21 20:00:00,1,0.0676288,1,1,1,1,1.0
238045_ws_temp,0.0,2022-01-21 23:00:00,2022-01-21 23:00:00,1,0.100696445,1,1,1,1,1.0
238045_ws_temp,0.0,2022-01-22 08:00:00,2022-01-22 08:00:00,1,1.4012477,1,1,1,1,1.0
238045_ws_temp,0.0,2022-01-22 14:00:00,2022-01-22 14:00:00,1,0.12965277,1,1,1,1,1.0
238045_ws_temp,0.0,2022-01-22 19:00:00,2022-01-22 19:00:00,1,0.23300841,1,1,1,1,1.0
238045_ws_temp,0.0,2022-01-23 07:00:00,2022-01-23 07:00:00,1,0.2819241,1,1,1,1,1.0
238045_ws_temp,0.0,2022-01-25 20:00:00,2022-01-25 20:00:00,1,0.095721014,1,1,1,1,1.0
238045_ws_temp,0.0,2022-01-26 00:00:00,2022-01-26 00:00:00,1,0.16932741,1,1,1,1,1.0
238045_ws_temp,0.0,2022-01-27 19:00:00,2022-01-27 19:00:00,1,0.17745376,1,1,1,1,1.0
238045_ws_temp,0.0,2022-01-28 19:00:00,2022-01-28 19:00:00,1,0.06413135,1,1,1,1,1.0
238045_ws_temp,0.0,2022-01-29 05:00:00,2022-01-29 05:00:00,1,0.45907733,1,1,1,1,1.0
238045_ws_temp,0.0,2022-01-29 11:00:00,2022-01-29 11:00:00,1,0.3637291,1,1,1,1,1.0
238045_ws_temp,0.0,2022-01-29 23:00:00,2022-01-29 23:00:00,1,0.2734936,1,1,1,1,1.0
238045_ws_temp,0.0,2022-01-30 21:00:00,2022-01-30 21:00:00,1,0.06572343,1,1,1,1,1.0
238045_ws_temp,0.0,2022-02-07 04:00:00,2022-02-07 04:00:00,1,11.99279,1,1,1,1,20.0
238045_ws_temp,0.0,2022-02-18 21:00:00,2022-02-18 21:00:00,1,0.4832366,0,0,0,0,171.0
238045_ws_temp,0.0,2022-02-20 18:00:00,2022-02-20 18:00:00,1,0.12081089,0,0,0,1,126.0
238045_ws_temp,0.0,2022-03-14 18:00:00,2022-03-14 18:00:00,1,0.2920395,1,1,1,1,1.0
238045_ws_temp,0.0,2022-03-16 20:00:00,2022-03-16 21:00:00,2,5.53142,1,1,1,1,1.0
238045_ws_temp,0.0,2022-03-17 15:00:00,2022-03-17 15:00:00,1,0.20694718,0,0,0,0,345.0
238045_ws_temp,0.0,2022-03-17 19:00:00,2022-03-17 19:00:00,1,0.09468931,0,0,0,0,341.0
238045_ws_temp,0.0,2022-03-22 17:00:00,2022-03-22 17:00:00,1,0.9250166,0,0,0,0,223.0
238045_ws_temp,0.0,2022-03-26 13:00:00,2022-03-26 13:00:00,1,0.1697013,0,0,0,1,131.0
238045_ws_temp,0.0,2022-03-28 06:00:00,2022-03-28 06:00:00,1,0.48121634,0,0,0,1,90.0
238045_ws_temp,0.0,2022-04-03 16:00:00,2022-04-03 16:00:00,1,0.5761087,1,1,1,1,1.0
238045_ws_temp,0.0,2022-04-05 05:00:00,2022-04-05 05:00:00,1,0.7926902,1,1,1,1,19.0
238045_ws_temp,0.0,2022-04-05 09:00:00,2022-04-05 09:00:00,1,0.3172816,1,1,1,1,15.0
238045_ws_temp,0.0,2022-04-15 18:00:00,2022-04-15 18:00:00,1,0.47734037,1,1,1,1,1.0
238045_ws_temp,0.0,2022-05-02 06:00:00,2022-05-02 06:00:00,1,0.42530575,1,1,1,1,1.0
238045_ws_temp,0.0,2022-05-03 11:00:00,2022-05-03 11:00:00,1,1.1557858,1,1,1,1,1.0
238045_ws_temp,0.0,2022-05-03 17:00:00,2022-05-03 17:00:00,1,0.64659923,1,1,1,1,1.0
238045_ws_temp,0.0,2022-05-10 08:00:00,2022-05-10 08:00:00,1,51.963333,1,1,1,1,1.0
238045_ws_temp,0.0,2022-05-11 14:00:00,2022-05-11 14:00:00,1,19.165031,1,1,1,1,1.0
238045_ws_temp,0.0,2022-05-11 22:00:00,2022-05-11 22:00:00,1,17.14463,1,1,1,1,1.0
238045_ws_temp,0.0,2022-05-14 01:00:00,2022-05-14 02:00:00,2,6.124337,0,0,0,0,383.0
238045_ws_temp,0.0,2022-05-14 07:00:00,2022-05-14 07:00:00,1,0.25800857,0,0,0,0,377.0
238045_ws_temp,0.0,2022-05-14 16:00:00,2022-05-14 16:00:00,1,1.3403507,0,0,0,0,368.0
238045_ws_temp,0.0,2022-05-14 18:00:00,2022-05-14 18:00:00,1,5.4116697,0,0,0,0,366.0
238045_ws_temp,0.0,2022-05-17 17:00:00,2022-05-17 17:00:00,1,1.0400966,0,0,0,0,295.0
238045_ws_temp,0.0,2022-05-17 19:00:00,2022-05-17 19:00:00,1,1.0318254,0,0,0,0,293.0
238045_ws_temp,0.0,2022-05-24 11:00:00,2022-05-24 11:00:00,1,0.9234532,0,0,0,1,133.0
238045_ws_temp,0.0,2022-05-24 16:00:00,2022-05-24 17:00:00,2,1.3455806,0,0,0,1,128.0
238045_ws_temp,0.0,2022-06-01 21:00:00,2022-06-01 21:00:00,1,0.1002522,1,1,1,1,1.0
238045_ws_temp,0.0,2022-06-03 17:00:00,2022-06-03 17:00:00,1,0.7277396,1,1,1,1,1.0
238045_ws_temp,0.0,2022-06-10 03:00:00,2022-06-10 03:00:00,1,11.64103,1,1,1,1,1.0
238045_ws_temp,0.0,2022-06-11 07:00:00,2022-06-11 07:00:00,1,25.69297,1,1,1,1,1.0
238045_ws_temp,0.0,2022-06-16 09:00:00,2022-06-16 09:00:00,1,4.597692,1,1,1,1,1.0
238045_ws_temp,0.0,2022-06-18 08:00:00,2022-06-18 08:00:00,1,8.842258,1,1,1,1,1.0
238045_ws_temp,0.0,2022-06-26 08:00:00,2022-06-26 08:00:00,1,2.0496068,1,1,1,1,1.0
238045_ws_temp,0.0,2022-06-26 17:00:00,2022-06-26 17:00:00,1,12.382181,1,1,1,1,1.0
238045_ws_temp,0.0,2022-06-29 17:00:00,2022-06-29 17:00:00,1,15.280849,1,1,1,1,1.0
238045_ws_temp,0.0,2022-06-29 23:00:00,2022-06-29 23:00:00,1,4.8203583,1,1,1,1,1.0
238045_ws_temp,0.0,2022-07-03 13:00:00,2022-07-03 13:00:00,1,1.8682562,1,1,1,1,1.0
238045_ws_temp,0.0,2022-07-05 09:00:00,2022-07-05 09:00:00,1,0.6392893,1,1,1,1,15.0
238045_ws_temp,0.0,2022-08-01 06:00:00,2022-08-01 06:00:00,1,0.3158852,1,1,1,1,1.0
238045_ws_temp,0.0,2022-08-01 08:00:00,2022-08-01 08:00:00,1,95.76311,1,1,1,1,1.0
238045_ws_temp,0.0,2022-08-01 18:00:00,2022-08-01 19:00:00,2,81.53441,1,1,1,1,1.0
238045_ws_temp,0.0,2022-08-01 21:00:00,2022-08-01 21:00:00,1,30.85987,1,1,1,1,1.0
238045_ws_temp,0.0,2022-08-05 02:00:00,2022-08-05 02:00:00,1,1.216279,1,1,1,1,22.0
238045_ws_temp,0.0,2022-08-05 21:00:00,2022-08-05 21:00:00,1,7.9848976,1,1,1,1,3.0
238045_ws_temp,0.0,2022-08-07 00:00:00,2022-08-07 00:00:00,1,2.5013747,1,1,1,1,24.0
238045_ws_temp,0.0,2022-08-07 02:00:00,2022-08-07 04:00:00,3,12.587938,1,1,1,1,22.0
238045_ws_temp,0.0,2022-09-01 01:00:00,2022-09-01 02:00:00,2,75.7625,1,1,1,1,1.0
238045_ws_temp,0.0,2022-09-01 17:00:00,2022-09-01 17:00:00,1,62.06383,1,1,1,1,1.0
238045_ws_temp,0.0,2022-09-02 07:00:00,2022-09-02 07:00:00,1,0.40507546,1,1,1,1,1.0
238045_ws_temp,0.0,2022-09-04 16:00:00,2022-09-04 16:00:00,1,0.29339346,1,1,1,1,1.0
238045_ws_temp,0.0,2022-09-08 16:00:00,2022-09-08 16:00:00,1,27.138445,1,1,1,1,1.0
238045_ws_temp,0.0,2022-09-14 03:00:00,2022-09-14 03:00:00,1,9.972162,1,1,1,1,1.0
238045_ws_temp,0.0,2022-09-29 16:00:00,2022-09-29 16:00:00,1,3.885575,1,1,1,1,1.0
238045_ws_temp,0.0,2022-10-01 04:00:00,2022-10-01 04:00:00,1,0.14136724,1,1,1,1,1.0
238045_ws_temp,0.0,2022-10-01 07:00:00,2022-10-01 07:00:00,1,3.638648,1,1,1,1,1.0
238045_ws_temp,0.0,2022-10-01 16:00:00,2022-10-01 16:00:00,1,0.13199037,1,1,1,1,1.0
238045_ws_temp,0.0,2022-10-01 20:00:00,2022-10-01 20:00:00,1,0.10784808,1,1,1,1,1.0
238045_ws_temp,0.0,2022-10-02 07:00:00,2022-10-02 07:00:00,1,0.16901197,1,1,1,1,1.0
238045_ws_temp,0.0,2022-10-03 20:00:00,2022-10-03 20:00:00,1,0.5440022,1,1,1,1,1.0
238045_ws_temp,0.0,2022-10-04 10:00:00,2022-10-04 10:00:00,1,0.62136346,1,1,1,1,1.0
238045_ws_temp,0.0,2022-10-25 21:00:00,2022-10-25 21:00:00,1,24.87299,1,1,1,1,1.0
238045_ws_temp,0.0,2022-11-01 06:00:00,2022-11-01 06:00:00,1,0.09738861,1,1,1,1,1.0
238045_ws_temp,0.0,2022-11-02 06:00:00,2022-11-02 06:00:00,1,0.5795786,1,1,1,1,1.0
238045_ws_temp,0.0,2022-11-08 11:00:00,2022-11-08 11:00:00,1,17.081316,1,1,1,1,1.0
238045_ws_temp,0.0,2022-11-09 14:00:00,2022-11-09 14:00:00,1,6.184704,1,1,1,1,1.0
238045_ws_temp,0.0,2022-11-27 06:00:00,2022-11-27 06:00:00,1,27.44972,1,1,1,1,1.0
238045_ws_temp,0.0,2022-12-10 07:00:00,2022-12-10 07:00:00,1,10.790545,1,1,1,1,1.0
238045_ws_temp,0.0,2022-12-19 05:00:00,2022-12-19 05:00:00,1,23.009996,1,1,1,1,1.0
238045_ws_temp,0.0,2022-12-19 09:00:00,2022-12-19 09:00:00,1,23.70057,1,1,1,1,1.0
238045_ws_temp,0.0,2022-12-25 20:00:00,2022-12-25 20:00:00,1,15.437545,1,1,1,1,1.0
238045_ws_temp,0.0,2022-12-26 07:00:00,2022-12-26 07:00:00,1,10.787456,1,1,1,1,1.0
279623_ws_vigor,0.0,2022-02-11 12:00:00,2022-02-11 17:00:00,6,26.846037,1,1,1,1,1.0
279623_ws_vigor,0.0,2022-03-06 18:00:00,2022-03-06 23:00:00,6,0.12564147,1,1,1,1,1.0
279623_ws_vigor,0.0,2022-05-26 06:00:00,2022-05-26 11:00:00,6,0.2880982,0,0,0,1,90.0
279623_ws_vigor,0.0,2022-05-29 12:00:00,2022-05-30 05:00:00,18,67.27056,1,1,1,1,12.0
279623_ws_vigor,0.0,2022-06-13 00:00:00,2022-06-13 17:00:00,18,0.25637093,1,1,1,1,1.0
279623_ws_vigor,0.0,2022-06-14 00:00:00,2022-06-14 17:00:00,18,1.3272582,1,1,1,1,1.0
279623_ws_vigor,0.0,2022-06-15 00:00:00,2022-06-15 11:00:00,12,0.1345144,1,1,1,1,1.0
279623_ws_vigor,0.0,2022-07-10 06:00:00,2022-07-10 11:00:00,6,15.542552,1,1,1,1,1.0
279623_ws_vigor,0.0,2022-08-23 06:00:00,2022-08-23 11:00:00,6,5.400826,1,1,1,1,1.0
279623_ws_vigor,0.0,2022-09-06 12:00:00,2022-09-06 23:00:00,12,61.99111,1,1,1,1,1.0
279623_ws_vigor,0.0,2022-09-21 06:00:00,2022-09-21 11:00:00,6,23.64826,1,1,1,1,1.0
279623_ws_vigor,0.0,2022-10-06 00:00:00,2022-10-06 23:00:00,24,45.597984,1,1,1,1,1.0
279623_ws_vigor,0.0,2022-11-06 00:00:00,2022-11-06 23:00:00,24,4.9125333,1,1,1,1,1.0
279623_ws_vigor,0.0,2022-11-27 06:00:00,2022-11-27 11:00:00,6,19.192535,1,1,1,1,1.0
279623_ws_vigor,0.0,2022-12-06 00:00:00,2022-12-06 23:00:00,24,0.44656792,1,1,1,1,1.0
279625_ws_temp,0.0,2022-03-06 18:00:00,2022-03-06 23:00:00,6,0.21745056,1,1,1,1,1.0
279625_ws_temp,0.0,2022-05-29 12:00:00,2022-05-30 05:00:00,18,67.27056,1,1,1,1,12.0
279625_ws_temp,0.0,2022-05-31 00:00:00,2022-05-31 05:00:00,6,4.5169997,1,1,1,1,1.0
279625_ws_temp,0.0,2022-06-06 12:00:00,2022-06-06 17:00:00,6,0.36512372,1,1,1,1,1.0
279625_ws_temp,0.0,2022-06-13 06:00:00,2022-06-13 11:00:00,6,0.32307297,1,1,1,1,1.0
279625_ws_temp,0.0,2022-06-13 18:00:00,2022-06-14 11:00:00,18,1.2493243,1,1,1,1,1.0
279625_ws_temp,0.0,2022-06-14 18:00:00,2022-06-14 23:00:00,6,1.969141,1,1,1,1,1.0
279625_ws_temp,0.0,2022-08-06 06:00:00,2022-08-06 11:00:00,6,0.085101366,1,1,1,1,1.0
279625_ws_temp,0.0,2022-08-19 18:00:00,2022-08-19 23:00:00,6,4.050586,1,1,1,1,1.0
279625_ws_temp,0.0,2022-09-06 12:00:00,2022-09-06 23:00:00,12,61.990696,1,1,1,1,1.0
279625_ws_temp,0.0,2022-10-06 00:00:00,2022-10-06 23:00:00,24,45.561867,1,1,1,1,1.0
279625_ws_temp,0.0,2022-11-06 00:00:00,2022-11-06 23:00:00,24,10.406644,1,1,1,1,1.0
279625_ws_temp,0.0,2022-11-27 06:00:00,2022-11-27 11:00:00,6,17.146677,1,1,1,1,1.0
279625_ws_temp,0.0,2022-11-30 06:00:00,2022-11-30 11:00:00,6,13.326541,1,1,1,1,1.0
279625_ws_temp,0.0,2022-12-06 00:00:00,2022-12-06 23:00:00,24,2.2274883,1,1,1,1,1.0
279625_ws_temp,0.0,2022-12-24 12:00:00,2022-12-24 17:00:00,6,14.636614,1,1,1,1,1.0
279804_ws_level,0.0,2022-01-13 06:00:00,2022-01-13 17:00:00,12,54.78728,1,1,1,1,1.0
279804_ws_level,0.0,2022-05-10 12:00:00,2022-05-10 17:00:00,6,12.140455,1,1,1,1,1.0
279804_ws_level,0.0,2022-06-06 06:00:00,2022-06-06 17:00:00,12,0.6351738,1,1,1,1,1.0
279804_ws_level,0.0,2022-06-14 00:00:00,2022-06-14 05:00:00,6,0.1675009,1,1,1,1,1.0
279804_ws_level,0.0,2022-06-14 12:00:00,2022-06-14 17:00:00,6,0.19379276,1,1,1,1,1.0
279804_ws_level,0.0,2022-07-06 06:00:00,2022-07-06 23:00:00,18,0.8181406,1,1,1,1,1.0
279804_ws_level,0.0,2022-08-06 00:00:00,2022-08-06 05:00:00,6,0.1393446,1,1,1,1,1.0
279804_ws_level,0.0,2022-09-05 18:00:00,2022-09-05 23:00:00,6,81.22573,1,1,1,1,6.0
279804_ws_level,0.0,2022-09-06 06:00:00,2022-09-06 23:00:00,18,85.68549,1,1,1,1,1.0
279804_ws_level,0.0,2022-09-21 12:00:00,2022-09-21 17:00:00,6,12.159749,1,1,1,1,1.0
279804_ws_level,0.0,2022-10-05 00:00:00,2022-10-05 17:00:00,18,1.8494104,1,1,1,1,24.0
279804_ws_level,0.0,2022-10-06 00:00:00,2022-10-06 23:00:00,24,64.9093,1,1,1,1,1.0
279804_ws_level,0.0,2022-10-11 18:00:00,2022-10-11 23:00:00,6,2.807687,1,1,1,1,1.0
279804_ws_level,0.0,2022-10-12 06:00:00,2022-10-12 17:00:00,12,70.014114,1,1,1,1,1.0
279804_ws_level,0.0,2022-10-17 12:00:00,2022-10-17 17:00:00,6,16.66522,1,1,1,1,1.0
279804_ws_level,0.0,2022-11-06 00:00:00,2022-11-06 23:00:00,24,0.9826158,1,1,1,1,1.0
279804_ws_level,0.0,2022-12-06 00:00:00,2022-12-06 23:00:00,24,0.52417356,1,1,1,1,1.0
279805_ws_vigor,0.0,2022-01-13 06:00:00,2022-01-13 17:00:00,12,54.78728,1,1,1,1,1.0
279805_ws_vigor,0.0,2022-02-17 18:00:00,2022-02-18 05:00:00,12,15.081477,0,0,0,0,198.0
279805_ws_vigor,0.0,2022-04-10 12:00:00,2022-04-10 23:00:00,12,18.50835,1,1,1,1,1.0
279805_ws_vigor,0.0,2022-05-10 00:00:00,2022-05-10 17:00:00,18,18.923113,1,1,1,1,1.0
279805_ws_vigor,0.0,2022-06-10 06:00:00,2022-06-10 23:00:00,18,17.080309,1,1,1,1,1.0
279805_ws_vigor,0.0,2022-06-13 00:00:00,2022-06-13 05:00:00,6,12.0001,1,1,1,1,1.0
279805_ws_vigor,0.0,2022-06-14 00:00:00,2022-06-14 17:00:00,18,18.71166,1,1,1,1,1.0
279805_ws_vigor,0.0,2022-06-17 00:00:00,2022-06-17 05:00:00,6,13.45509,1,1,1,1,1.0
279805_ws_vigor,0.0,2022-07-10 00:00:00,2022-07-10 05:00:00,6,17.019793,1,1,1,1,1.0
279805_ws_vigor,0.0,2022-09-06 06:00:00,2022-09-06 23:00:00,18,87.56097,1,1,1,1,1.0
279805_ws_vigor,0.0,2022-09-21 00:00:00,2022-09-21 17:00:00,18,14.859343,1,1,1,1,1.0
279805_ws_vigor,0.0,2022-10-06 00:00:00,2022-10-06 23:00:00,24,91.95816,1,1,1,1,1.0
279805_ws_vigor,0.0,2022-10-12 06:00:00,2022-10-12 17:00:00,12,31.7272,1,1,1,1,1.0
279805_ws_vigor,0.0,2022-10-17 00:00:00,2022-10-17 17:00:00,18,17.014421,1,1,1,1,1.0
279805_ws_vigor,0.0,2022-10-25 12:00:00,2022-10-25 17:00:00,6,14.577975,1,1,1,1,1.0
279805_ws_vigor,0.0,2022-10-26 12:00:00,2022-10-27 05:00:00,18,14.04887,1,1,1,1,1.0
279805_ws_vigor,0.0,2022-11-06 00:00:00,2022-11-06 23:00:00,24,38.50796,1,1,1,1,1.0
279805_ws_vigor,0.0,2022-12-06 00:00:00,2022-12-06 23:00:00,24,31.33071,1,1,1,1,1.0
279805_ws_vigor,0.0,2022-12-18 00:00:00,2022-12-18 23:00:00,24,21.409298,1,1,1,1,1.0
279831_ws_temp,0.0,2022-02-18 12:00:00,2022-02-18 17:00:00,6,0.01203963,0,0,0,0,180.0
279831_ws_temp,0.0,2022-02-21 06:00:00,2022-02-21 11:00:00,6,64.255775,0,0,0,1,114.0
279831_ws_temp,0.0,2022-03-03 06:00:00,2022-03-03 17:00:00,12,0.43047076,1,1,1,1,1.0
279831_ws_temp,0.0,2022-03-10 00:00:00,2022-03-10 05:00:00,6,12.235582,1,1,1,1,1.0
279831_ws_temp,0.0,2022-03-10 18:00:00,2022-03-10 23:00:00,6,33.313953,1,1,1,1,1.0
279831_ws_temp,0.0,2022-04-10 00:00:00,2022-04-10 23:00:00,24,28.46656,1,1,1,1,1.0
279831_ws_temp,0.0,2022-04-11 06:00:00,2022-04-11 23:00:00,18,26.21358,1,1,1,1,1.0
279831_ws_temp,0.0,2022-05-11 00:00:00,2022-05-11 17:00:00,18,40.005177,1,1,1,1,1.0
279831_ws_temp,0.0,2022-06-11 12:00:00,2022-06-11 17:00:00,6,13.062807,1,1,1,1,1.0
279831_ws_temp,0.0,2022-07-02 06:00:00,2022-07-02 11:00:00,6,1.287035,1,1,1,1,1.0
279831_ws_temp,0.0,2022-09-12 18:00:00,2022-09-12 23:00:00,6,29.227526,1,1,1,1,1.0
279831_ws_temp,0.0,2022-12-13 06:00:00,2022-12-14 23:00:00,42,28.114777,1,1,1,1,1.0
279831_ws_temp,0.0,2022-12-16 06:00:00,2022-12-16 11:00:00,6,12.640383,1,1,1,1,1.0
279831_ws_temp,0.0,2022-12-17 18:00:00,2022-12-17 23:00:00,6,16.00389,1,1,1,1,1.0
279831_ws_temp,0.0,2022-12-18 06:00:00,2022-12-19 17:00:00,36,22.417828,1,1,1,1,1.0
279831_ws_temp,0.0,2022-12-25 12:00:00,2022-12-25 17:00:00,6,24.60112,1,1,1,1,1.0
319235_ws_temp,0.0,2022-01-10 18:00:00,2022-01-10 23:00:00,6,38.60474,1,1,1,1,1.0
319235_ws_temp,0.0,2022-02-10 18:00:00,2022-02-10 23:00:00,6,27.65088,1,1,1,1,1.0
319235_ws_temp,0.0,2022-03-10 18:00:00,2022-03-10 23:00:00,6,31.73665,1,1,1,1,1.0
319235_ws_temp,0.0,2022-04-10 18:00:00,2022-04-10 23:00:00,6,46.10409,1,1,1,1,1.0
319235_ws_temp,0.0,2022-05-10 18:00:00,2022-05-10 23:00:00,6,54.40761,1,1,1,1,1.0
319235_ws_temp,0.0,2022-06-10 18:00:00,2022-06-10 23:00:00,6,62.71086,1,1,1,1,1.0
319235_ws_temp,0.0,2022-07-10 18:00:00,2022-07-10 23:00:00,6,71.29624,1,1,1,1,1.0
319235_ws_temp,0.0,2022-07-16 18:00:00,2022-07-16 23:00:00,6,31.615475,1,1,1,1,1.0
319235_ws_temp,0.0,2022-08-10 18:00:00,2022-08-10 23:00:00,6,91.634445,1,1,1,1,1.0
319235_ws_temp,0.0,2022-09-10 18:00:00,2022-09-10 23:00:00,6,21.620441,1,1,1,1,1.0
319235_ws_temp,0.0,2022-09-24 18:00:00,2022-09-24 23:00:00,6,0.1724122,1,1,1,1,1.0
319235_ws_temp,0.0,2022-09-25 18:00:00,2022-09-25 23:00:00,6,0.5992313,1,1,1,1,1.0
319235_ws_temp,0.0,2022-09-26 18:00:00,2022-09-26 23:00:00,6,0.7573874,1,1,1,1,1.0
319235_ws_temp,0.0,2022-09-27 18:00:00,2022-09-27 23:00:00,6,6.313486,1,1,1,1,1.0
319235_ws_temp,0.0,2022-09-28 18:00:00,2022-09-28 23:00:00,6,19.4179,1,1,1,1,1.0
319235_ws_temp,0.0,2022-09-29 18:00:00,2022-09-29 23:00:00,6,11.50129,1,1,1,1,1.0
319235_ws_temp,0.0,2022-09-30 18:00:00,2022-09-30 23:00:00,6,23.80053,1,1,1,1,1.0
319235_ws_temp,0.0,2022-10-10 18:00:00,2022-10-10 23:00:00,6,19.783792,1,1,1,1,1.0
319235_ws_temp,0.0,2022-10-13 18:00:00,2022-10-13 23:00:00,6,2.2640462,1,1,1,1,1.0
319235_ws_temp,0.0,2022-10-14 18:00:00,2022-10-14 23:00:00,6,0.49914104,1,1,1,1,1.0
319235_ws_temp,0.0,2022-10-15 18:00:00,2022-10-15 23:00:00,6,0.05720565,1,1,1,1,1.0
319235_ws_temp,0.0,2022-11-10 18:00:00,2022-11-10 23:00:00,6,17.920256,1,1,1,1,1.0
319235_ws_temp,0.0,2022-12-10 18:00:00,2022-12-10 23:00:00,6,6.129196,1,1,1,1,1.0
326416_ws_vigor,12.49281,2022-01-10 18:00:00,2022-01-10 23:00:00,6,23.568117,1,1,1,1,1.0
326416_ws_vigor,12.49281,2022-02-10 00:00:00,2022-02-10 17:00:00,18,54.873108,1,1,1,1,1.0
326416_ws_vigor,12.49281,2022-03-10 00:00:00,2022-03-10 23:00:00,24,55.107727,1,1,1,1,1.0
326416_ws_vigor,12.49281,2022-04-10 00:00:00,2022-04-10 23:00:00,24,47.044903,1,1,1,1,1.0
326416_ws_vigor,12.49281,2022-04-11 12:00:00,2022-04-11 17:00:00,6,26.26387,1,1,1,1,1.0
326416_ws_vigor,12.49281,2022-05-10 00:00:00,2022-05-10 11:00:00,12,30.02729,1,1,1,1,1.0
326416_ws_vigor,12.49281,2022-07-09 12:00:00,2022-07-09 23:00:00,12,89.77493,1,1,1,1,1.0
326416_ws_vigor,12.49281,2022-08-09 12:00:00,2022-08-09 17:00:00,6,56.584927,1,1,1,1,1.0
326416_ws_vigor,12.49281,2022-09-19 12:00:00,2022-09-19 17:00:00,6,17.315405,0,1,1,1,36.0
326416_ws_vigor,12.49281,2022-09-25 06:00:00,2022-09-25 17:00:00,12,33.17992,1,1,1,1,1.0
326416_ws_vigor,12.49281,2022-09-26 06:00:00,2022-09-26 11:00:00,6,37.438873,1,1,1,1,1.0
326416_ws_vigor,12.49281,2022-11-12 00:00:00,2022-11-12 23:00:00,24,61.27368,1,1,1,1,1.0
326416_ws_vigor,12.49281,2022-11-18 18:00:00,2022-11-18 23:00:00,6,17.67558,1,1,1,1,1.0
326416_ws_vigor,12.49281,2022-11-20 12:00:00,2022-11-20 17:00:00,6,15.56613,1,1,1,1,1.0
326416_ws_vigor,12.49281,2022-11-22 18:00:00,2022-11-22 23:00:00,6,21.89206,1,1,1,1,1.0
326416_ws_vigor,12.49281,2022-12-12 00:00:00,2022-12-13 23:00:00,48,94.24602,1,1,1,1,1.0
326417_ws_temp,0.0,2022-01-08 06:00:00,2022-01-08 17:00:00,12,30.892414,1,1,1,1,1.0
326417_ws_temp,0.0,2022-01-12 12:00:00,2022-01-12 23:00:00,12,52.89561,1,1,1,1,1.0
326417_ws_temp,0.0,2022-02-12 00:00:00,2022-02-12 23:00:00,24,46.671303,1,1,1,1,1.0
326417_ws_temp,0.0,2022-03-12 00:00:00,2022-03-12 05:00:00,6,26.08086,1,1,1,1,1.0
326417_ws_temp,0.0,2022-07-24 12:00:00,2022-07-24 17:00:00,6,27.387003,1,1,1,1,1.0
326417_ws_temp,0.0,2022-08-11 06:00:00,2022-08-11 17:00:00,12,32.80521,1,1,1,1,1.0
326417_ws_temp,0.0,2022-08-19 12:00:00,2022-08-19 17:00:00,6,14.717496,1,1,1,1,1.0
326417_ws_temp,0.0,2022-08-24 18:00:00,2022-08-24 23:00:00,6,32.929443,1,1,1,1,1.0
326417_ws_temp,0.0,2022-09-11 00:00:00,2022-09-11 11:00:00,12,47.034996,1,1,1,1,1.0
326417_ws_temp,0.0,2022-10-12 00:00:00,2022-10-12 05:00:00,6,18.701881,1,1,1,1,1.0
326417_ws_temp,0.0,2022-11-18 06:00:00,2022-11-18 17:00:00,12,10.7204,1,1,1,1,1.0
326417_ws_temp,0.0,2022-11-22 12:00:00,2022-11-22 23:00:00,12,26.52268,1,1,1,1,1.0
326417_ws_temp,0.0,2022-11-25 18:00:00,2022-11-25 23:00:00,6,19.68269,1,1,1,1,1.0
326417_ws_temp,0.0,2022-11-27 06:00:00,2022-11-27 11:00:00,6,40.081455,1,1,1,1,1.0
326417_ws_temp,0.0,2022-11-29 18:00:00,2022-11-29 23:00:00,6,30.47159,1,1,1,1,1.0
326417_ws_temp,0.0,2022-11-30 18:00:00,2022-11-30 23:00:00,6,19.68269,1,1,1,1,1.0
4408411600_kW,0.0,2022-01-04 02:00:00,2022-01-04 02:00:00,1,5.25024,0,1,1,1,46.0
4408411600_kW,0.0,2022-01-04 06:00:00,2022-01-04 06:00:00,1,0.24383067,0,1,1,1,42.0
4408411600_kW,0.0,2022-01-07 21:00:00,2022-01-07 21:00:00,1,1.3820541,1,1,1,1,3.0
4408411600_kW,0.0,2022-01-10 10:00:00,2022-01-10 10:00:00,1,0.24249348,1,1,1,1,1.0
4408411600_kW,0.0,2022-02-07 09:00:00,2022-02-07 09:00:00,1,1.5733845,1,1,1,1,15.0
4408411600_kW,0.0,2022-02-08 16:00:00,2022-02-08 16:00:00,1,0.04904692,1,1,1,1,1.0
4408411600_kW,0.0,2022-02-11 23:00:00,2022-02-11 23:00:00,1,0.94204164,1,1,1,1,1.0
4408411600_kW,0.0,2022-03-04 14:00:00,2022-03-04 14:00:00,1,18.04775,0,1,1,1,34.0
4408411600_kW,0.0,2022-03-04 18:00:00,2022-03-04 18:00:00,1,1.321409,0,1,1,1,30.0
4408411600_kW,0.0,2022-03-10 14:00:00,2022-03-10 14:00:00,1,0.21100286,1,1,1,1,1.0
4408411600_kW,0.0,2022-03-10 17:00:00,2022-03-10 17:00:00,1,0.098077156,1,1,1,1,1.0
4408411600_kW,0.0,2022-03-10 20:00:00,2022-03-10 20:00:00,1,0.22429512,1,1,1,1,1.0
4408411600_kW,0.0,2022-03-11 18:00:00,2022-03-11 18:00:00,1,0.5138724,1,1,1,1,1.0
4408411600_kW,0.0,2022-04-05 07:00:00,2022-04-05 07:00:00,1,1.293279,1,1,1,1,17.0
4408411600_kW,0.0,2022-04-05 11:00:00,2022-04-05 12:00:00,2,0.70917886,1,1,1,1,13.0
4408411600_kW,0.0,2022-04-05 17:00:00,2022-04-05 18:00:00,2,0.60717136,1,1,1,1,7.0
4408411600_kW,0.0,2022-04-10 07:00:00,2022-04-10 07:00:00,1,0.21736005,1,1,1,1,1.0
4408411600_kW,0.0,2022-04-10 10:00:00,2022-04-10 10:00:00,1,0.57320404,1,1,1,1,1.0
4408411600_kW,0.0,2022-04-10 18:00:00,2022-04-10 18:00:00,1,0.74505126,1,1,1,1,1.0
4408411600_kW,0.0,2022-04-10 23:00:00,2022-04-10 23:00:00,1,0.14871138,1,1,1,1,1.0
4408411600_kW,0.0,2022-04-13 09:00:00,2022-04-13 10:00:00,2,1.0059432,1,1,1,1,1.0
4408411600_kW,0.0,2022-04-13 13:00:00,2022-04-13 17:00:00,5,75.99658,1,1,1,1,1.0
4408411600_kW,0.0,2022-04-13 19:00:00,2022-04-13 20:00:00,2,0.40084893,1,1,1,1,1.0
4408411600_kW,0.0,2022-04-13 22:00:00,2022-04-13 22:00:00,1,0.14107473,1,1,1,1,1.0
4408411600_kW,0.0,2022-04-14 12:00:00,2022-04-14 15:00:00,4,75.99658,1,1,1,1,1.0
4408411600_kW,0.0,2022-04-14 18:00:00,2022-04-14 20:00:00,3,3.650535,1,1,1,1,1.0
4408411600_kW,0.0,2022-04-14 22:00:00,2022-04-14 22:00:00,1,0.2965594,1,1,1,1,1.0
4408411600_kW,0.0,2022-04-15 06:00:00,2022-04-15 08:00:00,3,59.81637,1,1,1,1,1.0
4408411600_kW,0.0,2022-04-15 12:00:00,2022-04-15 14:00:00,3,68.532,1,1,1,1,1.0
4408411600_kW,0.0,2022-04-15 18:00:00,2022-04-15 20:00:00,3,5.816336,1,1,1,1,1.0
4408411600_kW,0.0,2022-04-15 22:00:00,2022-04-15 23:00:00,2,0.3250271,1,1,1,1,1.0
4408411600_kW,0.0,2022-04-16 17:00:00,2022-04-16 17:00:00,1,0.07317703,1,1,1,1,1.0
4408411600_kW,0.0,2022-04-21 09:00:00,2022-04-21 10:00:00,2,1.3692621,0,0,0,0,231.0
4408411600_kW,0.0,2022-04-21 18:00:00,2022-04-21 19:00:00,2,0.14129232,0,0,0,0,222.0
4408411600_kW,0.0,2022-04-23 17:00:00,2022-04-23 17:00:00,1,0.09530466,0,0,0,0,175.0
4408411600_kW,0.0,2022-04-25 11:00:00,2022-04-25 12:00:00,2,0.4787929,0,0,0,1,133.0
4408411600_kW,0.0,2022-04-29 19:00:00,2022-04-29 19:00:00,1,0.13235313,0,1,1,1,29.0
4408411600_kW,0.0,2022-05-04 11:00:00,2022-05-04 11:00:00,1,0.6704094,1,1,1,1,1.0
4408411600_kW,0.0,2022-05-04 13:00:00,2022-05-04 13:00:00,1,94.83913,1,1,1,1,1.0
4408411600_kW,0.0,2022-05-04 15:00:00,2022-05-04 16:00:00,2,86.42588,1,1,1,1,1.0
4408411600_kW,0.0,2022-05-08 13:00:00,2022-05-08 13:00:00,1,0.05699627,1,1,1,1,1.0
4408411600_kW,0.0,2022-05-08 19:00:00,2022-05-08 20:00:00,2,0.1143537,1,1,1,1,1.0
4408411600_kW,0.0,2022-05-10 03:00:00,2022-05-10 05:00:00,3,1.6147004,1,1,1,1,1.0
4408411600_kW,0.0,2022-05-10 19:00:00,2022-05-10 19:00:00,1,1.338457,1,1,1,1,1.0
4408411600_kW,0.0,2022-05-11 11:00:00,2022-05-11 12:00:00,2,3.6072636,1,1,1,1,1.0
4408411600_kW,0.0,2022-05-14 10:00:00,2022-05-14 11:00:00,2,0.7185517,0,0,0,0,374.0
4408411600_kW,0.0,2022-05-14 16:00:00,2022-05-14 17:00:00,2,0.68790907,0,0,0,0,368.0
4408411600_kW,0.0,2022-05-14 21:00:00,2022-05-14 22:00:00,2,0.9240825,0,0,0,0,363.0
4408411600_kW,0.0,2022-05-16 10:00:00,2022-05-16 10:00:00,1,0.21635473,0,0,0,0,326.0
4408411600_kW,0.0,2022-05-17 14:00:00,2022-05-17 14:00:00,1,0.986672,0,0,0,0,298.0
4408411600_kW,0.0,2022-06-09 16:00:00,2022-06-09 16:00:00,1,0.3082185,1,1,1,1,1.0
4408411600_kW,0.0,2022-06-10 05:00:00,2022-06-10 06:00:00,2,0.9829748,1,1,1,1,1.0
4408411600_kW,0.0,2022-06-10 12:00:00,2022-06-10 14:00:00,3,0.55237603,1,1,1,1,1.0
4408411600_kW,0.0,2022-06-10 19:00:00,2022-06-10 20:00:00,2,1.1951519,1,1,1,1,1.0
4408411600_kW,0.0,2022-06-13 09:00:00,2022-06-13 10:00:00,2,3.550969,1,1,1,1,1.0
4408411600_kW,0.0,2022-06-13 16:00:00,2022-06-13 16:00:00,1,2.9376783,1,1,1,1,1.0
4408411600_kW,0.0,2022-06-26 10:00:00,2022-06-26 11:00:00,2,8.882738,1,1,1,1,1.0
4408411600_kW,0.0,2022-06-26 13:00:00,2022-06-26 14:00:00,2,6.960125,1,1,1,1,1.0
4408411600_kW,0.0,2022-06-26 16:00:00,2022-06-26 17:00:00,2,3.4327004,1,1,1,1,1.0
4408411600_kW,0.0,2022-06-26 19:00:00,2022-06-26 19:00:00,1,6.7758055,1,1,1,1,1.0
4408411600_kW,0.0,2022-06-26 22:00:00,2022-06-26 23:00:00,2,13.729828,1,1,1,1,1.0
4408411600_kW,0.0,2022-07-05 17:00:00,2022-07-05 18:00:00,2,0.70327544,1,1,1,1,7.0
4408411600_kW,0.0,2022-07-06 05:00:00,2022-07-06 06:00:00,2,0.9098629,1,1,1,1,1.0
4408411600_kW,0.0,2022-07-06 10:00:00,2022-07-06 12:00:00,3,3.0541418,1,1,1,1,1.0
4408411600_kW,0.0,2022-07-06 17:00:00,2022-07-06 18:00:00,2,1.2038813,1,1,1,1,1.0
4408411600_kW,0.0,2022-07-09 16:00:00,2022-07-09 16:00:00,1,0.22624296,1,1,1,1,1.0
4408411600_kW,0.0,2022-07-10 06:00:00,2022-07-10 07:00:00,2,0.20292576,1,1,1,1,1.0
4408411600_kW,0.0,2022-07-10 14:00:00,2022-07-10 14:00:00,1,0.49485496,1,1,1,1,1.0
4408411600_kW,0.0,2022-07-10 19:00:00,2022-07-10 19:00:00,1,0.18899235,1,1,1,1,1.0
4408411600_kW,0.0,2022-07-12 08:00:00,2022-07-12 10:00:00,3,0.6810962,1,1,1,1,1.0
4408411600_kW,0.0,2022-07-12 18:00:00,2022-07-12 20:00:00,3,21.81591,1,1,1,1,1.0
4408411600_kW,0.0,2022-07-13 05:00:00,2022-07-13 05:00:00,1,41.75138,1,1,1,1,1.0
4408411600_kW,0.0,2022-07-13 08:00:00,2022-07-13 08:00:00,1,9.59259,1,1,1,1,1.0
4408411600_kW,0.0,2022-07-13 15:00:00,2022-07-13 15:00:00,1,3.0043433,1,1,1,1,1.0
4408411600_kW,0.0,2022-07-13 21:00:00,2022-07-13 21:00:00,1,2.5266972,1,1,1,1,1.0
4408411600_kW,0.0,2022-07-20 15:00:00,2022-07-20 15:00:00,1,0.3210235,1,1,1,1,1.0
4408411600_kW,0.0,2022-07-21 22:00:00,2022-07-21 22:00:00,1,0.06081665,1,1,1,1,1.0
4408411600_kW,0.0,2022-07-22 21:00:00,2022-07-22 22:00:00,2,2.04628,1,1,1,1,1.0
4408411600_kW,0.0,2022-07-23 01:00:00,2022-07-23 01:00:00,1,0.2052308,1,1,1,1,1.0
4408411600_kW,0.0,2022-07-23 06:00:00,2022-07-23 06:00:00,1,0.2036017,1,1,1,1,1.0
4408411600_kW,0.0,2022-07-23 09:00:00,2022-07-23 10:00:00,2,0.1303078,1,1,1,1,1.0
4408411600_kW,0.0,2022-07-23 19:00:00,2022-07-23 19:00:00,1,0.1463623,1,1,1,1,1.0
4408411600_kW,0.0,2022-07-26 13:00:00,2022-07-26 13:00:00,1,0.05483586,1,1,1,1,1.0
4408411600_kW,0.0,2022-07-27 13:00:00,2022-07-27 13:00:00,1,0.04646358,1,1,1,1,1.0
4408411600_kW,0.0,2022-07-27 18:00:00,2022-07-27 18:00:00,1,0.06221728,1,1,1,1,1.0
4408411600_kW,0.0,2022-08-05 04:00:00,2022-08-05 05:00:00,2,1.1301686,1,1,1,1,20.0
4408411600_kW,0.0,2022-08-05 08:00:00,2022-08-05 08:00:00,1,0.42672357,1,1,1,1,16.0
4408411600_kW,0.0,2022-08-05 10:00:00,2022-08-05 12:00:00,3,61.29485,1,1,1,1,14.0
4408411600_kW,0.0,2022-08-05 16:00:00,2022-08-05 18:00:00,3,2.4805937,1,1,1,1,8.0
4408411600_kW,0.0,2022-08-05 20:00:00,2022-08-05 21:00:00,2,0.41756782,1,1,1,1,4.0
4408411600_kW,0.0,2022-08-05 23:00:00,2022-08-05 23:00:00,1,0.26496875,1,1,1,1,1.0
4408411600_kW,0.0,2022-08-06 18:00:00,2022-08-06 18:00:00,1,2.587785,1,1,1,1,1.0
4408411600_kW,0.0,2022-08-06 20:00:00,2022-08-06 20:00:00,1,2.5792506,1,1,1,1,1.0
4408411600_kW,0.0,2022-08-16 05:00:00,2022-08-16 06:00:00,2,1.060766,1,1,1,1,1.0
4408411600_kW,0.0,2022-08-16 08:00:00,2022-08-16 09:00:00,2,80.61572,1,1,1,1,1.0
4408411600_kW,0.0,2022-08-16 15:00:00,2022-08-16 15:00:00,1,0.15989135,1,1,1,1,1.0
4408411600_kW,0.0,2022-08-16 18:00:00,2022-08-16 18:00:00,1,0.33530226,1,1,1,1,1.0
4408411600_kW,0.0,2022-08-16 21:00:00,2022-08-16 21:00:00,1,0.15982077,1,1,1,1,1.0
4408411600_kW,0.0,2022-08-17 05:00:00,2022-08-17 05:00:00,1,0.06644515,1,1,1,1,1.0
4408411600_kW,0.0,2022-08-18 16:00:00,2022-08-18 16:00:00,1,0.098979466,1,1,1,1,1.0
4408411600_kW,0.0,2022-08-18 21:00:00,2022-08-18 21:00:00,1,0.60755515,1,1,1,1,1.0
4408411600_kW,0.0,2022-09-05 00:00:00,2022-09-05 01:00:00,2,1.1630338,1,1,1,1,24.0
4408411600_kW,0.0,2022-09-05 05:00:00,2022-09-05 06:00:00,2,0.64281094,1,1,1,1,19.0
4408411600_kW,0.0,2022-09-05 08:00:00,2022-09-05 09:00:00,2,1.1497821,1,1,1,1,16.0
4408411600_kW,0.0,2022-09-05 14:00:00,2022-09-05 15:00:00,2,0.8361105,1,1,1,1,10.0
4408411600_kW,0.0,2022-09-05 18:00:00,2022-09-05 18:00:00,1,0.77046293,1,1,1,1,6.0
4408411600_kW,0.0,2022-09-05 20:00:00,2022-09-05 21:00:00,2,5.013056,1,1,1,1,4.0
4408411600_kW,0.0,2022-09-06 15:00:00,2022-09-06 15:00:00,1,2.194362,1,1,1,1,1.0
4408411600_kW,0.0,2022-09-06 18:00:00,2022-09-06 18:00:00,1,2.5260875,1,1,1,1,1.0
4408411600_kW,0.0,2022-09-06 21:00:00,2022-09-06 21:00:00,1,3.543372,1,1,1,1,1.0
4408411600_kW,0.0,2022-09-17 20:00:00,2022-09-17 20:00:00,1,0.5185152,0,0,0,1,76.0
4408411600_kW,0.0,2022-09-25 17:00:00,2022-09-25 20:00:00,4,2.977778,1,1,1,1,1.0
4408411600_kW,0.0,2022-09-28 22:00:00,2022-09-29 00:00:00,3,45.98174,1,1,1,1,1.0
4408411600_kW,0.0,2022-09-29 03:00:00,2022-09-29 06:00:00,4,86.895966,1,1,1,1,1.0
4408411600_kW,0.0,2022-10-04 11:00:00,2022-10-04 11:00:00,1,0.25682387,1,1,1,1,1.0
4408411600_kW,0.0,2022-10-04 15:00:00,2022-10-04 15:00:00,1,0.069746286,1,1,1,1,1.0
4408411600_kW,0.0,2022-10-05 20:00:00,2022-10-05 21:00:00,2,0.87492836,1,1,1,1,4.0
4408411600_kW,0.0,2022-10-06 08:00:00,2022-10-06 09:00:00,2,0.9954749,1,1,1,1,1.0
4408411600_kW,0.0,2022-10-06 16:00:00,2022-10-06 16:00:00,1,1.4879689,1,1,1,1,1.0
4408411600_kW,0.0,2022-10-06 21:00:00,2022-10-06 22:00:00,2,2.7820802,1,1,1,1,1.0
4408411600_kW,0.0,2022-10-09 20:00:00,2022-10-09 20:00:00,1,0.58890957,1,1,1,1,1.0
4408411600_kW,0.0,2022-10-13 17:00:00,2022-10-13 17:00:00,1,0.23438145,1,1,1,1,1.0
4408411600_kW,0.0,2022-10-13 23:00:00,2022-10-14 00:00:00,2,1.1847252,1,1,1,1,1.0
4408411600_kW,0.0,2022-10-26 00:00:00,2022-10-26 00:00:00,1,2.4156308,1,1,1,1,1.0
4408411600_kW,0.0,2022-10-26 23:00:00,2022-10-26 23:00:00,1,1.1813047,1,1,1,1,1.0
4408411600_kW,0.0,2022-10-27 23:00:00,2022-10-28 00:00:00,2,0.8886652,1,1,1,1,97.0
4408411600_kW,0.0,2022-11-04 07:00:00,2022-11-04 08:00:00,2,8.5852,1,1,1,1,1.0
4408411600_kW,0.0,2022-11-05 21:00:00,2022-11-05 21:00:00,1,0.3733983,1,1,1,1,3.0
4408411600_kW,0.0,2022-11-09 03:00:00,2022-11-09 04:00:00,2,4.232842,1,1,1,1,1.0
4408411600_kW,0.0,2022-11-17 11:00:00,2022-11-17 11:00:00,1,0.9498995,1,1,1,1,1.0
4408411600_kW,0.0,2022-11-27 21:00:00,2022-11-27 21:00:00,1,0.1545369,1,1,1,1,1.0
4408411600_kW,0.0,2022-12-04 12:00:00,2022-12-04 12:00:00,1,0.089372896,1,1,1,1,1.0
4408411600_kW,0.0,2022-12-06 10:00:00,2022-12-06 10:00:00,1,1.0104302,1,1,1,1,1.0
4408411600_kW,0.0,2022-12-07 12:00:00,2022-12-07 12:00:00,1,6.7776265,1,1,1,1,12.0
4408411600_kW,0.0,2022-12-08 05:00:00,2022-12-08 05:00:00,1,0.1432684,1,1,1,1,1.0
4408411600_kW,0.0,2022-12-10 17:00:00,2022-12-10 17:00:00,1,0.62437266,1,1,1,1,1.0
4408411600_kW,0.0,2022-12-10 21:00:00,2022-12-10 21:00:00,1,0.1735172,1,1,1,1,1.0
4408411600_kW,0.0,2022-12-10 23:00:00,2022-12-10 23:00:00,1,0.8177631,1,1,1,1,1.0
4408411600_kW,0.0,2022-12-11 11:00:00,2022-12-11 11:00:00,1,3.472842,1,1,1,1,1.0
4408411600_kW,0.0,2022-12-18 11:00:00,2022-12-18 12:00:00,2,4.100604,1,1,1,1,1.0
4408411600_kW,0.0,2022-12-18 17:00:00,2022-12-18 17:00:00,1,0.1849112,1,1,1,1,1.0
4408411600_kW,0.0,2022-12-19 03:00:00,2022-12-19 03:00:00,1,1.440584,1,1,1,1,1.0
4408411600_kW,0.0,2022-12-19 07:00:00,2022-12-19 08:00:00,2,1.096345,1,1,1,1,1.0
4408411600_kW,0.0,2022-12-19 10:00:00,2022-12-19 11:00:00,2,0.7255482,1,1,1,1,1.0
4408411600_kW,0.0,2022-12-19 14:00:00,2022-12-19 15:00:00,2,0.6215672,1,1,1,1,1.0
4408411600_kW,0.0,2022-12-19 17:00:00,2022-12-19 18:00:00,2,20.30046,1,1,1,1,1.0
4408411600_kW,0.0,2022-12-19 21:00:00,2022-12-19 23:00:00,3,36.27316,1,1,1,1,1.0
4408411600_kW,0.0,2022-12-20 07:00:00,2022-12-20 07:00:00,1,0.1686876,1,1,1,1,1.0
4408411600_kW,0.0,2022-12-21 06:00:00,2022-12-21 08:00:00,3,1.8315777,1,1,1,1,1.0
4408411600_kW,0.0,2022-12-21 11:00:00,2022-12-21 11:00:00,1,0.50708646,1,1,1,1,1.0
4408411600_kW,0.0,2022-12-21 14:00:00,2022-12-21 14:00:00,1,0.38388485,1,1,1,1,1.0
4408411600_kW,0.0,2022-12-21 17:00:00,2022-12-21 17:00:00,1,0.33520094,1,1,1,1,1.0
4408411600_kW,0.0,2022-12-22 06:00:00,2022-12-22 07:00:00,2,1.0192686,1,1,1,1,1.0
4408411600_kW,0.0,2022-12-22 11:00:00,2022-12-22 11:00:00,1,0.28233624,1,1,1,1,1.0
4408411600_kW,0.0,2022-12-22 14:00:00,2022-12-22 14:00:00,1,0.28860372,1,1,1,1,1.0
4408411600_kW,0.0,2022-12-23 12:00:00,2022-12-23 12:00:00,1,0.9383065,1,1,1,1,1.0
4408411600_kW,0.0,2022-12-23 23:00:00,2022-12-24 00:00:00,2,1.7605206,1,1,1,1,1.0
4408411600_kW,0.0,2022-12-24 20:00:00,2022-12-24 21:00:00,2,0.84582436,1,1,1,1,1.0
4408411600_kW,0.0,2022-12-24 23:00:00,2022-12-24 23:00:00,1,0.32610455,1,1,1,1,1.0
4408411600_kW,0.0,2022-12-25 20:00:00,2022-12-25 20:00:00,1,0.45571157,1,1,1,1,1.0
4408411600_power_hour,0.22959332949999978,2022-02-11 22:00:00,2022-02-11 22:00:00,1,1.7883543,1,1,1,1,1.0
4408411600_power_hour,0.22959332949999978,2022-03-11 22:00:00,2022-03-11 23:00:00,2,2.8057535,1,1,1,1,1.0
4408411600_power_hour,0.22959332949999978,2022-04-05 04:00:00,2022-04-05 04:00:00,1,0.7654993,1,1,1,1,20.0
4408411600_power_hour,0.22959332949999978,2022-04-06 11:00:00,2022-04-06 11:00:00,1,0.23146437,1,1,1,1,1.0
4408411600_power_hour,0.22959332949999978,2022-04-10 17:00:00,2022-04-10 17:00:00,1,0.3892924,1,1,1,1,1.0
4408411600_power_hour,0.22959332949999978,2022-04-10 22:00:00,2022-04-10 22:00:00,1,0.40232277,1,1,1,1,1.0
4408411600_power_hour,0.22959332949999978,2022-04-11 23:00:00,2022-04-11 23:00:00,1,0.94998455,1,1,1,1,1.0
4408411600_power_hour,0.22959332949999978,2022-04-13 08:00:00,2022-04-13 08:00:00,1,0.58580935,1,1,1,1,1.0
4408411600_power_hour,0.22959332949999978,2022-04-13 15:00:00,2022-04-13 15:00:00,1,96.24378,1,1,1,1,1.0
4408411600_power_hour,0.22959332949999978,2022-04-19 15:00:00,2022-04-19 15:00:00,1,0.43405002,1,1,1,1,1.0
4408411600_power_hour,0.22959332949999978,2022-04-21 10:00:00,2022-04-21 11:00:00,2,0.4304671,0,0,0,0,230.0
4408411600_power_hour,0.22959332949999978,2022-04-25 10:00:00,2022-04-25 11:00:00,2,0.38890177,0,0,0,1,134.0
4408411600_power_hour,0.22959332949999978,2022-05-04 10:00:00,2022-05-04 11:00:00,2,51.26334,1,1,1,1,1.0
4408411600_power_hour,0.22959332949999978,2022-05-04 15:00:00,2022-05-04 17:00:00,3,73.95237,1,1,1,1,1.0
4408411600_power_hour,0.22959332949999978,2022-05-04 20:00:00,2022-05-04 22:00:00,3,0.5953315,1,1,1,1,1.0
4408411600_power_hour,0.22959332949999978,2022-05-06 11:00:00,2022-05-06 11:00:00,1,0.30334085,1,1,1,1,1.0
4408411600_power_hour,0.22959332949999978,2022-05-08 12:00:00,2022-05-08 13:00:00,2,2.6936722,1,1,1,1,1.0
4408411600_power_hour,0.22959332949999978,2022-05-10 03:00:00,2022-05-10 03:00:00,1,1.1753539,1,1,1,1,1.0
4408411600_power_hour,0.22959332949999978,2022-05-10 10:00:00,2022-05-10 11:00:00,2,0.69279873,1,1,1,1,1.0
4408411600_power_hour,0.22959332949999978,2022-05-10 15:00:00,2022-05-10 18:00:00,4,0.6640204,1,1,1,1,1.0
4408411600_power_hour,0.22959332949999978,2022-05-11 00:00:00,2022-05-11 00:00:00,1,3.8237128,1,1,1,1,1.0
4408411600_power_hour,0.22959332949999978,2022-05-11 10:00:00,2022-05-11 10:00:00,1,0.66592735,1,1,1,1,1.0
4408411600_power_hour,0.22959332949999978,2022-05-11 18:00:00,2022-05-11 18:00:00,1,0.47019315,1,1,1,1,1.0
4408411600_power_hour,0.22959332949999978,2022-05-14 03:00:00,2022-05-14 04:00:00,2,51.42669,0,0,0,0,381.0
4408411600_power_hour,0.22959332949999978,2022-05-14 07:00:00,2022-05-14 07:00:00,1,0.53044957,0,0,0,0,377.0
4408411600_power_hour,0.22959332949999978,2022-05-14 09:00:00,2022-05-14 10:00:00,2,1.2805246,0,0,0,0,375.0
4408411600_power_hour,0.22959332949999978,2022-05-14 16:00:00,2022-05-14 16:00:00,1,11.90875,0,0,0,0,368.0
4408411600_power_hour,0.22959332949999978,2022-05-15 09:00:00,2022-05-15 09:00:00,1,0.63980484,0,0,0,0,351.0
4408411600_power_hour,0.22959332949999978,2022-05-23 17:00:00,2022-05-23 18:00:00,2,0.234816,0,0,0,1,151.0
4408411600_power_hour,0.22959332949999978,2022-05-23 22:00:00,2022-05-23 22:00:00,1,0.2370777,0,0,0,1,146.0
4408411600_power_hour,0.22959332949999978,2022-05-24 00:00:00,2022-05-24 10:00:00,11,0.7926079,0,0,0,1,144.0
4408411600_power_hour,0.22959332949999978,2022-05-24 13:00:00,2022-05-24 14:00:00,2,97.25242,0,0,0,1,131.0
4408411600_power_hour,0.22959332949999978,2022-06-04 00:00:00,2022-06-04 00:00:00,1,0.23597792,1,1,1,1,1.0
4408411600_power_hour,0.22959332949999978,2022-06-08 12:00:00,2022-06-08 13:00:00,2,0.7292116,1,1,1,1,1.0
4408411600_power_hour,0.22959332949999978,2022-06-09 21:00:00,2022-06-09 21:00:00,1,0.4441708,1,1,1,1,1.0
4408411600_power_hour,0.22959332949999978,2022-06-10 05:00:00,2022-06-10 05:00:00,1,11.579927,1,1,1,1,1.0
4408411600_power_hour,0.22959332949999978,2022-06-10 12:00:00,2022-06-10 12:00:00,1,30.059464,1,1,1,1,1.0
4408411600_power_hour,0.22959332949999978,2022-06-13 04:00:00,2022-06-13 04:00:00,1,0.4311093,1,1,1,1,1.0
4408411600_power_hour,0.22959332949999978,2022-06-18 10:00:00,2022-06-18 10:00:00,1,1.8766065,1,1,1,1,1.0
4408411600_power_hour,0.22959332949999978,2022-06-18 16:00:00,2022-06-18 16:00:00,1,0.977977,1,1,1,1,1.0
4408411600_power_hour,0.22959332949999978,2022-06-26 04:00:00,2022-06-26 04:00:00,1,0.4510296,1,1,1,1,1.0
4408411600_power_hour,0.22959332949999978,2022-06-26 09:00:00,2022-06-26 10:00:00,2,0.7129884,1,1,1,1,1.0
4408411600_power_hour,0.22959332949999978,2022-06-26 21:00:00,2022-06-26 22:00:00,2,0.3166827,1,1,1,1,1.0
4408411600_power_hour,0.22959332949999978,2022-06-29 10:00:00,2022-06-29 10:00:00,1,0.2921724,1,1,1,1,1.0
4408411600_power_hour,0.22959332949999978,2022-06-30 01:00:00,2022-06-30 01:00:00,1,0.3047419,1,1,1,1,1.0
4408411600_power_hour,0.22959332949999978,2022-07-06 04:00:00,2022-07-06 04:00:00,1,24.693003,1,1,1,1,1.0
4408411600_power_hour,0.22959332949999978,2022-07-06 10:00:00,2022-07-06 11:00:00,2,65.030624,1,1,1,1,1.0
4408411600_power_hour,0.22959332949999978,2022-07-06 16:00:00,2022-07-06 16:00:00,1,2.4373803,1,1,1,1,1.0
4408411600_power_hour,0.22959332949999978,2022-07-07 21:00:00,2022-07-07 21:00:00,1,1.753713,1,1,1,1,3.0
4408411600_power_hour,0.22959332949999978,2022-07-10 14:00:00,2022-07-10 14:00:00,1,0.28144926,1,1,1,1,1.0
4408411600_power_hour,0.22959332949999978,2022-07-10 19:00:00,2022-07-10 20:00:00,2,6.049014,1,1,1,1,1.0
4408411600_power_hour,0.22959332949999978,2022-07-12 08:00:00,2022-07-12 15:00:00,8,3.717798,1,1,1,1,1.0
4408411600_power_hour,0.22959332949999978,2022-07-12 17:00:00,2022-07-12 21:00:00,5,93.92861,1,1,1,1,1.0
4408411600_power_hour,0.22959332949999978,2022-07-15 06:00:00,2022-07-15 06:00:00,1,9.724811,1,1,1,1,1.0
4408411600_power_hour,0.22959332949999978,2022-07-15 08:00:00,2022-07-15 09:00:00,2,3.0899773,1,1,1,1,1.0
4408411600_power_hour,0.22959332949999978,2022-07-15 13:00:00,2022-07-15 13:00:00,1,0.478449,1,1,1,1,1.0
4408411600_power_hour,0.22959332949999978,2022-07-15 15:00:00,2022-07-15 15:00:00,1,0.26023382,1,1,1,1,1.0
4408411600_power_hour,0.22959332949999978,2022-07-15 18:00:00,2022-07-15 18:00:00,1,0.41373816,1,1,1,1,1.0
4408411600_power_hour,0.22959332949999978,2022-07-15 21:00:00,2022-07-15 22:00:00,2,10.523672,1,1,1,1,1.0
4408411600_power_hour,0.22959332949999978,2022-07-16 05:00:00,2022-07-16 06:00:00,2,0.56083655,1,1,1,1,1.0
4408411600_power_hour,0.22959332949999978,2022-07-16 08:00:00,2022-07-16 09:00:00,2,1.3710595,1,1,1,1,1.0
4408411600_power_hour,0.22959332949999978,2022-07-16 11:00:00,2022-07-16 12:00:00,2,0.75730205,1,1,1,1,1.0
4408411600_power_hour,0.22959332949999978,2022-07-16 14:00:00,2022-07-16 14:00:00,1,0.27122727,1,1,1,1,1.0
4408411600_power_hour,0.22959332949999978,2022-07-16 17:00:00,2022-07-16 17:00:00,1,1.2479575,1,1,1,1,1.0
4408411600_power_hour,0.22959332949999978,2022-07-16 20:00:00,2022-07-16 22:00:00,3,9.40279,1,1,1,1,1.0
4408411600_power_hour,0.22959332949999978,2022-07-17 05:00:00,2022-07-17 06:00:00,2,2.0552735,1,1,1,1,1.0
4408411600_power_hour,0.22959332949999978,2022-07-17 08:00:00,2022-07-17 08:00:00,1,0.77354884,1,1,1,1,1.0
4408411600_power_hour,0.22959332949999978,2022-07-17 11:00:00,2022-07-17 11:00:00,1,6.8845124,1,1,1,1,1.0
4408411600_power_hour,0.22959332949999978,2022-07-17 14:00:00,2022-07-17 14:00:00,1,0.4217297,1,1,1,1,1.0
4408411600_power_hour,0.22959332949999978,2022-07-17 16:00:00,2022-07-17 18:00:00,3,0.9057201,1,1,1,1,1.0
4408411600_power_hour,0.22959332949999978,2022-07-17 21:00:00,2022-07-17 21:00:00,1,6.3832393,1,1,1,1,1.0
4408411600_power_hour,0.22959332949999978,2022-07-18 06:00:00,2022-07-18 06:00:00,1,0.5065383,1,1,1,1,1.0
4408411600_power_hour,0.22959332949999978,2022-07-18 08:00:00,2022-07-18 08:00:00,1,0.26317972,1,1,1,1,1.0
4408411600_power_hour,0.22959332949999978,2022-07-18 21:00:00,2022-07-18 22:00:00,2,0.56521475,1,1,1,1,1.0
4408411600_power_hour,0.22959332949999978,2022-07-19 06:00:00,2022-07-19 06:00:00,1,0.5004368,1,1,1,1,1.0
4408411600_power_hour,0.22959332949999978,2022-07-22 07:00:00,2022-07-22 07:00:00,1,0.443223,1,1,1,1,1.0
4408411600_power_hour,0.22959332949999978,2022-07-22 19:00:00,2022-07-22 20:00:00,2,0.66891444,1,1,1,1,1.0
4408411600_power_hour,0.22959332949999978,2022-07-23 00:00:00,2022-07-23 00:00:00,1,1.1304089,1,1,1,1,1.0
4408411600_power_hour,0.22959332949999978,2022-07-23 06:00:00,2022-07-23 06:00:00,1,0.56821454,1,1,1,1,1.0
4408411600_power_hour,0.22959332949999978,2022-07-23 09:00:00,2022-07-23 09:00:00,1,0.52431524,1,1,1,1,1.0
4408411600_power_hour,0.22959332949999978,2022-07-23 18:00:00,2022-07-23 18:00:00,1,1.118943,1,1,1,1,1.0
4408411600_power_hour,0.22959332949999978,2022-08-05 04:00:00,2022-08-05 04:00:00,1,26.69079,1,1,1,1,20.0
4408411600_power_hour,0.22959332949999978,2022-08-05 06:00:00,2022-08-05 06:00:00,1,1.324819,1,1,1,1,18.0
4408411600_power_hour,0.22959332949999978,2022-08-05 09:00:00,2022-08-05 10:00:00,2,55.62601,1,1,1,1,15.0
4408411600_power_hour,0.22959332949999978,2022-08-05 16:00:00,2022-08-05 16:00:00,1,2.553181,1,1,1,1,8.0
4408411600_power_hour,0.22959332949999978,2022-08-05 23:00:00,2022-08-05 23:00:00,1,29.48172,1,1,1,1,1.0
4408411600_power_hour,0.22959332949999978,2022-08-06 04:00:00,2022-08-06 04:00:00,1,68.14398,1,1,1,1,1.0
4408411600_power_hour,0.22959332949999978,2022-08-06 07:00:00,2022-08-06 07:00:00,1,0.3226406,1,1,1,1,1.0
4408411600_power_hour,0.22959332949999978,2022-08-10 07:00:00,2022-08-10 08:00:00,2,11.393941,1,1,1,1,1.0
4408411600_power_hour,0.22959332949999978,2022-08-10 19:00:00,2022-08-10 20:00:00,2,0.75980973,1,1,1,1,1.0
4408411600_power_hour,0.22959332949999978,2022-08-16 04:00:00,2022-08-16 04:00:00,1,11.949637,1,1,1,1,1.0
4408411600_power_hour,0.22959332949999978,2022-08-16 07:00:00,2022-08-16 08:00:00,2,2.6956248,1,1,1,1,1.0
4408411600_power_hour,0.22959332949999978,2022-08-16 15:00:00,2022-08-16 15:00:00,1,2.2903562,1,1,1,1,1.0
4408411600_power_hour,0.22959332949999978,2022-08-16 23:00:00,2022-08-17 00:00:00,2,0.4971026,1,1,1,1,1.0
4408411600_power_hour,0.22959332949999978,2022-08-17 03:00:00,2022-08-17 04:00:00,2,0.6454189,1,1,1,1,1.0
4408411600_power_hour,0.22959332949999978,2022-08-17 09:00:00,2022-08-17 10:00:00,2,6.0489454,1,1,1,1,1.0
4408411600_power_hour,0.22959332949999978,2022-08-17 14:00:00,2022-08-17 14:00:00,1,2.9625568,1,1,1,1,1.0
4408411600_power_hour,0.22959332949999978,2022-08-18 01:00:00,2022-08-18 01:00:00,1,1.3690085,1,1,1,1,1.0
4408411600_power_hour,0.22959332949999978,2022-08-18 09:00:00,2022-08-18 09:00:00,1,0.7182444,1,1,1,1,1.0
4408411600_power_hour,0.22959332949999978,2022-08-27 13:00:00,2022-08-27 13:00:00,1,2.8188403,1,1,1,1,1.0
4408411600_power_hour,0.22959332949999978,2022-09-04 06:00:00,2022-09-04 06:00:00,1,0.5157872,1,1,1,1,1.0
4408411600_power_hour,0.22959332949999978,2022-09-05 00:00:00,2022-09-05 00:00:00,1,0.7048825,1,1,1,1,24.0
4408411600_power_hour,0.22959332949999978,2022-09-05 04:00:00,2022-09-05 04:00:00,1,0.9269763,1,1,1,1,20.0
4408411600_power_hour,0.22959332949999978,2022-09-05 07:00:00,2022-09-05 07:00:00,1,71.02521,1,1,1,1,17.0
4408411600_power_hour,0.22959332949999978,2022-09-05 13:00:00,2022-09-05 14:00:00,2,1.8006,1,1,1,1,11.0
4408411600_power_hour,0.22959332949999978,2022-09-05 17:00:00,2022-09-05 17:00:00,1,0.75087273,1,1,1,1,7.0
4408411600_power_hour,0.22959332949999978,2022-09-05 19:00:00,2022-09-05 20:00:00,2,78.73411,1,1,1,1,5.0
4408411600_power_hour,0.22959332949999978,2022-09-07 06:00:00,2022-09-07 06:00:00,1,0.4742785,1,1,1,1,18.0
4408411600_power_hour,0.22959332949999978,2022-09-07 11:00:00,2022-09-07 11:00:00,1,91.63671,1,1,1,1,13.0
4408411600_power_hour,0.22959332949999978,2022-09-07 14:00:00,2022-09-07 14:00:00,1,0.55535436,1,1,1,1,10.0
4408411600_power_hour,0.22959332949999978,2022-09-10 07:00:00,2022-09-10 08:00:00,2,16.727854,1,1,1,1,1.0
4408411600_power_hour,0.22959332949999978,2022-09-10 19:00:00,2022-09-10 20:00:00,2,0.58025426,1,1,1,1,1.0
4408411600_power_hour,0.22959332949999978,2022-09-17 14:00:00,2022-09-17 14:00:00,1,0.4378679,0,0,0,1,82.0
4408411600_power_hour,0.22959332949999978,2022-09-25 13:00:00,2022-09-25 13:00:00,1,0.357164,1,1,1,1,1.0
4408411600_power_hour,0.22959332949999978,2022-09-25 17:00:00,2022-09-25 17:00:00,1,0.4698707,1,1,1,1,1.0
4408411600_power_hour,0.22959332949999978,2022-09-26 05:00:00,2022-09-26 05:00:00,1,0.507313,1,1,1,1,1.0
4408411600_power_hour,0.22959332949999978,2022-09-28 21:00:00,2022-09-29 07:00:00,11,87.91495,1,1,1,1,1.0
4408411600_power_hour,0.22959332949999978,2022-09-29 09:00:00,2022-09-29 09:00:00,1,0.36687815,1,1,1,1,1.0
4408411600_power_hour,0.22959332949999978,2022-09-29 12:00:00,2022-09-29 12:00:00,1,0.60387737,1,1,1,1,1.0
4408411600_power_hour,0.22959332949999978,2022-09-29 14:00:00,2022-09-29 17:00:00,4,1.8371987,1,1,1,1,1.0
4408411600_power_hour,0.22959332949999978,2022-10-05 04:00:00,2022-10-05 04:00:00,1,0.46289977,1,1,1,1,20.0
4408411600_power_hour,0.22959332949999978,2022-10-05 06:00:00,2022-10-05 07:00:00,2,12.82117,1,1,1,1,18.0
4408411600_power_hour,0.22959332949999978,2022-10-05 13:00:00,2022-10-05 13:00:00,1,43.79158,1,1,1,1,11.0
4408411600_power_hour,0.22959332949999978,2022-10-05 19:00:00,2022-10-05 20:00:00,2,66.17498,1,1,1,1,5.0
4408411600_power_hour,0.22959332949999978,2022-10-07 05:00:00,2022-10-07 05:00:00,1,7.2768707,1,1,1,1,19.0
4408411600_power_hour,0.22959332949999978,2022-10-07 17:00:00,2022-10-07 17:00:00,1,0.35066852,1,1,1,1,7.0
4408411600_power_hour,0.22959332949999978,2022-10-09 13:00:00,2022-10-09 14:00:00,2,0.5084711,1,1,1,1,1.0
4408411600_power_hour,0.22959332949999978,2022-10-10 07:00:00,2022-10-10 07:00:00,1,0.63391966,1,1,1,1,1.0
4408411600_power_hour,0.22959332949999978,2022-10-10 19:00:00,2022-10-10 20:00:00,2,0.47924265,1,1,1,1,1.0
4408411600_power_hour,0.22959332949999978,2022-10-11 23:00:00,2022-10-11 23:00:00,1,0.3795582,1,1,1,1,1.0
4408411600_power_hour,0.22959332949999978,2022-10-13 08:00:00,2022-10-13 08:00:00,1,11.552,1,1,1,1,1.0
4408411600_power_hour,0.22959332949999978,2022-10-13 23:00:00,2022-10-13 23:00:00,1,14.746148,1,1,1,1,1.0
4408411600_power_hour,0.22959332949999978,2022-10-14 08:00:00,2022-10-14 08:00:00,1,20.781506,1,1,1,1,1.0
4408411600_power_hour,0.22959332949999978,2022-10-14 21:00:00,2022-10-14 22:00:00,2,1.2726209,1,1,1,1,1.0
4408411600_power_hour,0.22959332949999978,2022-10-15 08:00:00,2022-10-15 09:00:00,2,8.959632,1,1,1,1,1.0
4408411600_power_hour,0.22959332949999978,2022-10-15 20:00:00,2022-10-15 20:00:00,1,19.225176,1,1,1,1,1.0
4408411600_power_hour,0.22959332949999978,2022-10-16 08:00:00,2022-10-16 08:00:00,1,2.6904235,1,1,1,1,1.0
4408411600_power_hour,0.22959332949999978,2022-10-16 19:00:00,2022-10-16 20:00:00,2,0.65459627,1,1,1,1,1.0
4408411600_power_hour,0.22959332949999978,2022-10-17 20:00:00,2022-10-17 20:00:00,1,1.3252916,1,1,1,1,1.0
4408411600_power_hour,0.22959332949999978,2022-10-18 20:00:00,2022-10-18 20:00:00,1,0.3409741,1,1,1,1,1.0
4408411600_power_hour,0.22959332949999978,2022-10-19 20:00:00,2022-10-19 20:00:00,1,0.2563308,1,1,1,1,1.0
4408411600_power_hour,0.22959332949999978,2022-10-21 21:00:00,2022-10-21 21:00:00,1,0.24412191,1,1,1,1,1.0
4408411600_power_hour,0.22959332949999978,2022-10-22 08:00:00,2022-10-22 08:00:00,1,0.27255768,1,1,1,1,1.0
4408411600_power_hour,0.22959332949999978,2022-10-24 20:00:00,2022-10-24 21:00:00,2,0.5549996,1,1,1,1,1.0
4408411600_power_hour,0.22959332949999978,2022-10-25 23:00:00,2022-10-25 23:00:00,1,10.287144,1,1,1,1,1.0
4408411600_power_hour,0.22959332949999978,2022-10-26 22:00:00,2022-10-26 22:00:00,1,2.0622928,1,1,1,1,1.0
4408411600_power_hour,0.22959332949999978,2022-10-27 23:00:00,2022-10-27 23:00:00,1,14.170351,1,1,1,1,97.0
4408411600_power_hour,0.22959332949999978,2022-11-04 04:00:00,2022-11-04 05:00:00,2,1.4940982,1,1,1,1,1.0
4408411600_power_hour,0.22959332949999978,2022-11-04 07:00:00,2022-11-04 08:00:00,2,0.6906495,1,1,1,1,1.0
4408411600_power_hour,0.22959332949999978,2022-11-04 10:00:00,2022-11-04 11:00:00,2,43.99268,1,1,1,1,1.0
4408411600_power_hour,0.22959332949999978,2022-11-04 17:00:00,2022-11-04 17:00:00,1,1.0519732,1,1,1,1,1.0
4408411600_power_hour,0.22959332949999978,2022-11-04 20:00:00,2022-11-04 20:00:00,1,0.3216814,1,1,1,1,1.0
4408411600_power_hour,0.22959332949999978,2022-11-06 07:00:00,2022-11-06 09:00:00,3,0.6952234,1,1,1,1,1.0
4408411600_power_hour,0.22959332949999978,2022-11-06 11:00:00,2022-11-06 19:00:00,9,29.21349,1,1,1,1,1.0
4408411600_power_hour,0.22959332949999978,2022-11-09 03:00:00,2022-11-09 03:00:00,1,0.6235416,1,1,1,1,1.0
4408411600_power_hour,0.22959332949999978,2022-11-10 07:00:00,2022-11-10 07:00:00,1,0.55134887,1,1,1,1,1.0
4408411600_power_hour,0.22959332949999978,2022-11-10 20:00:00,2022-11-10 20:00:00,1,21.252916,1,1,1,1,1.0
4408411600_power_hour,0.22959332949999978,2022-11-11 23:00:00,2022-11-11 23:00:00,1,0.3926802,1,1,1,1,1.0
4408411600_power_hour,0.22959332949999978,2022-11-15 23:00:00,2022-11-15 23:00:00,1,0.4522297,1,1,1,1,1.0
4408411600_power_hour,0.22959332949999978,2022-11-16 23:00:00,2022-11-16 23:00:00,1,0.444455,1,1,1,1,1.0
4408411600_power_hour,0.22959332949999978,2022-12-04 13:00:00,2022-12-04 14:00:00,2,0.62928426,1,1,1,1,1.0
4408411600_power_hour,0.22959332949999978,2022-12-04 17:00:00,2022-12-04 17:00:00,1,1.1023672,1,1,1,1,1.0
4408411600_power_hour,0.22959332949999978,2022-12-04 19:00:00,2022-12-04 20:00:00,2,3.576204,1,1,1,1,1.0
4408411600_power_hour,0.22959332949999978,2022-12-06 09:00:00,2022-12-06 10:00:00,2,3.585892,1,1,1,1,1.0
4408411600_power_hour,0.22959332949999978,2022-12-06 16:00:00,2022-12-06 19:00:00,4,2.318754,1,1,1,1,1.0
4408411600_power_hour,0.22959332949999978,2022-12-10 07:00:00,2022-12-10 08:00:00,2,0.57828015,1,1,1,1,1.0
4408411600_power_hour,0.22959332949999978,2022-12-10 23:00:00,2022-12-10 23:00:00,1,0.89214486,1,1,1,1,1.0
4408411600_power_hour,0.22959332949999978,2022-12-17 12:00:00,2022-12-17 13:00:00,2,0.39037937,1,1,1,1,1.0
4408411600_power_hour,0.22959332949999978,2022-12-18 11:00:00,2022-12-18 12:00:00,2,0.7362526,1,1,1,1,1.0
4408411600_power_hour,0.22959332949999978,2022-12-18 17:00:00,2022-12-18 17:00:00,1,0.72998655,1,1,1,1,1.0
4408411600_power_hour,0.22959332949999978,2022-12-19 02:00:00,2022-12-19 03:00:00,2,1.2725859,1,1,1,1,1.0
4408411600_power_hour,0.22959332949999978,2022-12-19 06:00:00,2022-12-19 10:00:00,5,4.931096,1,1,1,1,1.0
4408411600_power_hour,0.22959332949999978,2022-12-19 14:00:00,2022-12-19 14:00:00,1,0.717638,1,1,1,1,1.0
4408411600_power_hour,0.22959332949999978,2022-12-19 16:00:00,2022-12-19 16:00:00,1,0.5000149,1,1,1,1,1.0
4408411600_power_hour,0.22959332949999978,2022-12-19 22:00:00,2022-12-19 22:00:00,1,3.856802,1,1,1,1,1.0
4408411600_power_hour,0.22959332949999978,2022-12-20 05:00:00,2022-12-20 05:00:00,1,0.2543787,1,1,1,1,1.0
4408411600_power_hour,0.22959332949999978,2022-12-20 07:00:00,2022-12-20 08:00:00,2,0.5854967,1,1,1,1,1.0
4408411600_power_hour,0.22959332949999978,2022-12-20 19:00:00,2022-12-21 01:00:00,7,0.949887,1,1,1,1,1.0
4408411600_power_hour,0.22959332949999978,2022-12-21 06:00:00,2022-12-21 06:00:00,1,0.7590343,1,1,1,1,1.0
4408411600_power_hour,0.22959332949999978,2022-12-21 12:00:00,2022-12-21 13:00:00,2,0.29484177,1,1,1,1,1.0
4408411600_power_hour,0.22959332949999978,2022-12-21 18:00:00,2022-12-21 19:00:00,2,7.474838,1,1,1,1,1.0
4408411600_power_hour,0.22959332949999978,2022-12-23 05:00:00,2022-12-23 05:00:00,1,0.3892761,1,1,1,1,1.0
4408411600_power_hour,0.22959332949999978,2022-12-23 10:00:00,2022-12-23 12:00:00,3,0.85625476,1,1,1,1,1.0
4408411600_power_hour,0.22959332949999978,2022-12-23 23:00:00,2022-12-23 23:00:00,1,0.48766512,1,1,1,1,1.0
4408411600_power_hour,0.22959332949999978,2022-12-24 02:00:00,2022-12-24 04:00:00,3,0.83313805,1,1,1,1,1.0
4408411600_power_hour,0.22959332949999978,2022-12-24 08:00:00,2022-12-24 09:00:00,2,1.1441482,1,1,1,1,1.0
4408411600_power_hour,0.22959332949999978,2022-12-24 22:00:00,2022-12-24 22:00:00,1,1.1478766,1,1,1,1,1.0
4408411600_power_hour,0.22959332949999978,2022-12-25 08:00:00,2022-12-25 09:00:00,2,1.1746581,1,1,1,1,1.0
4408411600_power_hour,0.22959332949999978,2022-12-25 22:00:00,2022-12-25 22:00:00,1,0.9304609,1,1,1,1,1.0
4408411600_power_hour,0.22959332949999978,2022-12-26 08:00:00,2022-12-26 09:00:00,2,1.1493148,1,1,1,1,1.0
4408411600_power_hour,0.22959332949999978,2022-12-27 14:00:00,2022-12-27 15:00:00,2,0.70471114,1,1,1,1,1.0
4408411600_power_hour,0.22959332949999978,2022-12-28 14:00:00,2022-12-28 15:00:00,2,0.7077339,0,0,0,0,
4408411600_power_hour,0.22959332949999978,2022-12-29 12:00:00,2022-12-29 14:00:00,3,0.9301631,0,0,0,0,
4408411600_power_hour,0.22959332949999978,2022-12-30 06:00:00,2022-12-30 06:00:00,1,0.55463284,0,0,0,0,
4408411600_power_hour,0.22959332949999978,2022-12-30 11:00:00,2022-12-30 11:00:00,1,1.5509169,0,0,0,0,
4608927500_kvar_hour,0.0,2022-01-01 10:00:00,2022-01-01 10:00:00,1,0.1297258,1,1,1,1,14.0
4608927500_kvar_hour,0.0,2022-01-03 08:00:00,2022-01-03 08:00:00,1,0.1771186,1,1,1,1,1.0
4608927500_kvar_hour,0.0,2022-01-11 00:00:00,2022-01-11 00:00:00,1,1.1513637,1,1,1,1,24.0
4608927500_kvar_hour,0.0,2022-01-12 23:00:00,2022-01-12 23:00:00,1,0.1209055,1,1,1,1,1.0
4608927500_kvar_hour,0.0,2022-01-18 08:00:00,2022-01-18 13:00:00,6,2.7978973,1,1,1,1,1.0
4608927500_kvar_hour,0.0,2022-01-25 07:00:00,2022-01-25 07:00:00,1,75.84712,1,1,1,1,1.0
4608927500_kvar_hour,0.0,2022-01-26 08:00:00,2022-01-26 08:00:00,1,25.92588,1,1,1,1,1.0
4608927500_kvar_hour,0.0,2022-01-26 16:00:00,2022-01-27 00:00:00,9,3.551178,1,1,1,1,1.0
4608927500_kvar_hour,0.0,2022-01-27 03:00:00,2022-01-27 04:00:00,2,0.18929449,1,1,1,1,1.0
4608927500_kvar_hour,0.0,2022-01-27 06:00:00,2022-01-27 06:00:00,1,0.14980634,1,1,1,1,1.0
4608927500_kvar_hour,0.0,2022-01-27 11:00:00,2022-01-27 11:00:00,1,0.86472833,1,1,1,1,1.0
4608927500_kvar_hour,0.0,2022-01-27 18:00:00,2022-01-27 20:00:00,3,0.27848536,1,1,1,1,1.0
4608927500_kvar_hour,0.0,2022-02-01 05:00:00,2022-02-01 06:00:00,2,63.48114,1,1,1,1,19.0
4608927500_kvar_hour,0.0,2022-02-02 08:00:00,2022-02-02 11:00:00,4,47.86438,1,1,1,1,1.0
4608927500_kvar_hour,0.0,2022-02-05 11:00:00,2022-02-05 11:00:00,1,0.059013598,1,1,1,1,13.0
4608927500_kvar_hour,0.0,2022-02-06 12:00:00,2022-02-06 23:00:00,12,74.45923,1,1,1,1,1.0
4608927500_kvar_hour,0.0,2022-02-10 17:00:00,2022-02-10 17:00:00,1,1.1104517,1,1,1,1,1.0
4608927500_kvar_hour,0.0,2022-02-11 00:00:00,2022-02-11 00:00:00,1,1.7228734,1,1,1,1,1.0
4608927500_kvar_hour,0.0,2022-02-16 13:00:00,2022-02-16 14:00:00,2,96.85898,0,0,0,0,227.0
4608927500_kvar_hour,0.0,2022-02-17 15:00:00,2022-02-18 00:00:00,10,0.90116125,0,0,0,0,201.0
4608927500_kvar_hour,0.0,2022-02-19 09:00:00,2022-02-19 09:00:00,1,0.0576287,0,0,0,1,159.0
4608927500_kvar_hour,0.0,2022-03-01 11:00:00,2022-03-01 13:00:00,3,94.546,1,1,1,1,1.0
4608927500_kvar_hour,0.0,2022-03-06 00:00:00,2022-03-06 12:00:00,13,99.005875,1,1,1,1,1.0
4608927500_kvar_hour,0.0,2022-03-16 11:00:00,2022-03-16 11:00:00,1,0.1853667,1,1,1,1,1.0
4608927500_kvar_hour,0.0,2022-03-22 02:00:00,2022-03-22 12:00:00,11,98.14242,0,0,0,0,238.0
4608927500_kvar_hour,0.0,2022-03-28 10:00:00,2022-03-28 10:00:00,1,62.517475,0,0,0,1,86.0
4608927500_kvar_hour,0.0,2022-03-30 06:00:00,2022-03-30 06:00:00,1,0.30411187,0,1,1,1,42.0
4608927500_kvar_hour,0.0,2022-03-31 10:00:00,2022-03-31 10:00:00,1,0.7566331,1,1,1,1,14.0
4608927500_kvar_hour,0.0,2022-04-02 09:00:00,2022-04-02 09:00:00,1,0.3669525,1,1,1,1,1.0
4608927500_kvar_hour,0.0,2022-04-06 01:00:00,2022-04-06 04:00:00,4,0.26457617,1,1,1,1,1.0
4608927500_kvar_hour,0.0,2022-04-06 08:00:00,2022-04-06 08:00:00,1,0.06590422,1,1,1,1,1.0
4608927500_kvar_hour,0.0,2022-04-12 02:00:00,2022-04-12 04:00:00,3,0.7110446,1,1,1,1,1.0
4608927500_kvar_hour,0.0,2022-04-16 01:00:00,2022-04-16 02:00:00,2,0.15439497,1,1,1,1,1.0
4608927500_kvar_hour,0.0,2022-04-19 07:00:00,2022-04-19 07:00:00,1,82.88344,1,1,1,1,1.0
4608927500_kvar_hour,0.0,2022-04-19 14:00:00,2022-04-20 04:00:00,15,7.780993,1,1,1,1,1.0
4608927500_kvar_hour,0.0,2022-04-20 14:00:00,2022-04-20 14:00:00,1,0.05709319,0,0,0,0,250.0
4608927500_kvar_hour,0.0,2022-04-21 07:00:00,2022-04-21 07:00:00,1,64.78375,0,0,0,0,233.0
4608927500_kvar_hour,0.0,2022-04-25 09:00:00,2022-04-25 10:00:00,2,94.70497,0,0,0,1,135.0
4608927500_kvar_hour,0.0,2022-04-26 06:00:00,2022-04-26 07:00:00,2,22.132494,0,0,0,1,114.0
4608927500_kvar_hour,0.0,2022-04-26 22:00:00,2022-04-26 22:00:00,1,0.06174952,0,0,0,1,98.0
4608927500_kvar_hour,0.0,2022-04-27 06:00:00,2022-04-27 06:00:00,1,0.25130197,0,0,0,1,90.0
4608927500_kvar_hour,0.0,2022-04-27 20:00:00,2022-04-27 20:00:00,1,0.090200156,0,0,0,1,76.0
4608927500_kvar_hour,0.0,2022-05-01 06:00:00,2022-05-01 11:00:00,6,84.95772,1,1,1,1,1.0
4608927500_kvar_hour,0.0,2022-05-11 05:00:00,2022-05-11 05:00:00,1,3.4813762,1,1,1,1,1.0
4608927500_kvar_hour,0.0,2022-05-11 07:00:00,2022-05-11 07:00:00,1,2.8908844,1,1,1,1,1.0
4608927500_kvar_hour,0.0,2022-05-11 13:00:00,2022-05-11 16:00:00,4,2.2733564,1,1,1,1,1.0
4608927500_kvar_hour,0.0,2022-05-11 18:00:00,2022-05-11 18:00:00,1,0.8731969,1,1,1,1,1.0
4608927500_kvar_hour,0.0,2022-05-12 02:00:00,2022-05-12 03:00:00,2,0.4620967,1,1,1,1,1.0
4608927500_kvar_hour,0.0,2022-05-13 10:00:00,2022-05-13 10:00:00,1,32.47983,0,0,0,0,398.0
4608927500_kvar_hour,0.0,2022-05-16 07:00:00,2022-05-16 07:00:00,1,0.1792736,0,0,0,0,329.0
4608927500_kvar_hour,0.0,2022-05-16 10:00:00,2022-05-16 10:00:00,1,0.1846113,0,0,0,0,326.0
4608927500_kvar_hour,0.0,2022-05-20 10:00:00,2022-05-20 10:00:00,1,0.03063835,0,0,0,0,230.0
4608927500_kvar_hour,0.0,2022-05-23 00:00:00,2022-05-23 01:00:00,2,0.3745338,0,0,0,1,168.0
4608927500_kvar_hour,0.0,2022-05-27 09:00:00,2022-05-27 09:00:00,1,0.1805447,0,0,1,1,63.0
4608927500_kvar_hour,0.0,2022-05-30 00:00:00,2022-05-30 01:00:00,2,1.403893,1,1,1,1,1.0
4608927500_kvar_hour,0.0,2022-06-01 04:00:00,2022-06-01 09:00:00,6,1.0011523,1,1,1,1,1.0
4608927500_kvar_hour,0.0,2022-06-05 09:00:00,2022-06-05 09:00:00,1,55.74708,1,1,1,1,15.0
4608927500_kvar_hour,0.0,2022-06-07 08:00:00,2022-06-07 08:00:00,1,0.74150705,1,1,1,1,16.0
4608927500_kvar_hour,0.0,2022-06-09 12:00:00,2022-06-09 12:00:00,1,0.04587289,1,1,1,1,1.0
4608927500_kvar_hour,0.0,2022-06-28 01:00:00,2022-06-28 02:00:00,2,0.45034453,1,1,1,1,1.0
4608927500_kvar_hour,0.0,2022-07-01 06:00:00,2022-07-01 07:00:00,2,0.18472445,1,1,1,1,1.0
4608927500_kvar_hour,0.0,2022-07-01 11:00:00,2022-07-01 11:00:00,1,0.6898985,1,1,1,1,1.0
4608927500_kvar_hour,0.0,2022-07-02 15:00:00,2022-07-02 23:00:00,9,26.79957,1,1,1,1,1.0
4608927500_kvar_hour,0.0,2022-07-04 07:00:00,2022-07-04 08:00:00,2,0.76746505,1,1,1,1,1.0
4608927500_kvar_hour,0.0,2022-07-06 01:00:00,2022-07-06 02:00:00,2,0.13499796,1,1,1,1,1.0
4608927500_kvar_hour,0.0,2022-07-09 06:00:00,2022-07-09 10:00:00,5,82.89097,1,1,1,1,1.0
4608927500_kvar_hour,0.0,2022-07-09 15:00:00,2022-07-09 17:00:00,3,0.34092793,1,1,1,1,1.0
4608927500_kvar_hour,0.0,2022-07-09 20:00:00,2022-07-09 20:00:00,1,0.066472076,1,1,1,1,1.0
4608927500_kvar_hour,0.0,2022-07-14 08:00:00,2022-07-14 08:00:00,1,0.43325827,1,1,1,1,1.0
4608927500_kvar_hour,0.0,2022-07-19 10:00:00,2022-07-19 10:00:00,1,0.2020592,1,1,1,1,1.0
4608927500_kvar_hour,0.0,2022-07-20 07:00:00,2022-07-20 09:00:00,3,34.697525,1,1,1,1,1.0
4608927500_kvar_hour,0.0,2022-07-20 14:00:00,2022-07-20 14:00:00,1,6.8639226,1,1,1,1,1.0
4608927500_kvar_hour,0.0,2022-07-20 17:00:00,2022-07-20 19:00:00,3,1.2136288,1,1,1,1,1.0
4608927500_kvar_hour,0.0,2022-07-24 04:00:00,2022-07-24 06:00:00,3,0.1041999,1,1,1,1,1.0
4608927500_kvar_hour,0.0,2022-07-30 09:00:00,2022-07-30 09:00:00,1,0.4515036,1,1,1,1,1.0
4608927500_kvar_hour,0.0,2022-08-02 00:00:00,2022-08-02 00:00:00,1,0.1207672,1,1,1,1,1.0
4608927500_kvar_hour,0.0,2022-08-02 16:00:00,2022-08-02 17:00:00,2,0.08795253,1,1,1,1,1.0
4608927500_kvar_hour,0.0,2022-08-03 08:00:00,2022-08-03 08:00:00,1,14.69858,1,1,1,1,1.0
4608927500_kvar_hour,0.0,2022-08-03 12:00:00,2022-08-03 12:00:00,1,0.5925572,1,1,1,1,1.0
4608927500_kvar_hour,0.0,2022-08-04 07:00:00,2022-08-04 07:00:00,1,11.14764,1,1,1,1,1.0
4608927500_kvar_hour,0.0,2022-08-04 14:00:00,2022-08-04 15:00:00,2,0.31241167,1,1,1,1,1.0
4608927500_kvar_hour,0.0,2022-08-06 04:00:00,2022-08-06 04:00:00,1,0.10692658,1,1,1,1,1.0
4608927500_kvar_hour,0.0,2022-08-06 15:00:00,2022-08-06 15:00:00,1,0.090981334,1,1,1,1,1.0
4608927500_kvar_hour,0.0,2022-08-09 02:00:00,2022-08-09 02:00:00,1,0.26899344,1,1,1,1,1.0
4608927500_kvar_hour,0.0,2022-08-09 15:00:00,2022-08-09 15:00:00,1,0.2687475,1,1,1,1,1.0
4608927500_kvar_hour,0.0,2022-08-10 21:00:00,2022-08-10 21:00:00,1,1.3847227,1,1,1,1,1.0
4608927500_kvar_hour,0.0,2022-08-11 11:00:00,2022-08-11 11:00:00,1,6.077336,1,1,1,1,1.0
4608927500_kvar_hour,0.0,2022-08-11 14:00:00,2022-08-11 15:00:00,2,6.324537,1,1,1,1,1.0
4608927500_kvar_hour,0.0,2022-08-19 00:00:00,2022-08-19 00:00:00,1,0.2110256,1,1,1,1,1.0
4608927500_kvar_hour,0.0,2022-08-19 19:00:00,2022-08-19 21:00:00,3,0.5148171,1,1,1,1,1.0
4608927500_kvar_hour,0.0,2022-08-20 00:00:00,2022-08-20 18:00:00,19,72.56709,1,1,1,1,1.0
4608927500_kvar_hour,0.0,2022-08-20 21:00:00,2022-08-20 22:00:00,2,1.9598968,1,1,1,1,1.0
4608927500_kvar_hour,0.0,2022-08-21 07:00:00,2022-08-21 17:00:00,11,0.38918185,1,1,1,1,1.0
4608927500_kvar_hour,0.0,2022-08-24 16:00:00,2022-08-24 17:00:00,2,0.789886,1,1,1,1,1.0
4608927500_kvar_hour,0.0,2022-09-05 07:00:00,2022-09-05 08:00:00,2,1.1770016,1,1,1,1,17.0
4608927500_kvar_hour,0.0,2022-09-06 16:00:00,2022-09-06 16:00:00,1,68.29413,1,1,1,1,1.0
4608927500_kvar_hour,0.0,2022-09-06 18:00:00,2022-09-06 18:00:00,1,0.18461823,1,1,1,1,1.0
4608927500_kvar_hour,0.0,2022-09-10 21:00:00,2022-09-10 22:00:00,2,0.3544018,1,1,1,1,1.0
4608927500_kvar_hour,0.0,2022-09-11 16:00:00,2022-09-11 16:00:00,1,3.6703565,1,1,1,1,1.0
4608927500_kvar_hour,0.0,2022-09-11 18:00:00,2022-09-11 18:00:00,1,1.3555973,1,1,1,1,1.0
4608927500_kvar_hour,0.0,2022-09-19 14:00:00,2022-09-19 14:00:00,1,0.16087988,0,1,1,1,34.0
4608927500_kvar_hour,0.0,2022-09-27 12:00:00,2022-09-27 12:00:00,1,2.0700483,1,1,1,1,1.0
4608927500_kvar_hour,0.0,2022-09-28 14:00:00,2022-09-28 14:00:00,1,0.35134152,1,1,1,1,1.0
4608927500_kvar_hour,0.0,2022-09-28 19:00:00,2022-09-28 19:00:00,1,0.20267619,1,1,1,1,1.0
4608927500_kvar_hour,0.0,2022-10-01 12:00:00,2022-10-01 12:00:00,1,0.20686701,1,1,1,1,1.0
4608927500_kvar_hour,0.0,2022-10-03 08:00:00,2022-10-03 08:00:00,1,3.557011,1,1,1,1,1.0
4608927500_kvar_hour,0.0,2022-10-04 02:00:00,2022-10-04 02:00:00,1,0.24703419,1,1,1,1,1.0
4608927500_kvar_hour,0.0,2022-10-04 23:00:00,2022-10-04 23:00:00,1,0.10733692,1,1,1,1,25.0
4608927500_kvar_hour,0.0,2022-10-10 12:00:00,2022-10-10 13:00:00,2,0.6032269,1,1,1,1,1.0
4608927500_kvar_hour,0.0,2022-10-12 07:00:00,2022-10-12 09:00:00,3,26.38289,1,1,1,1,1.0
4608927500_kvar_hour,0.0,2022-10-16 00:00:00,2022-10-16 00:00:00,1,0.4101591,1,1,1,1,1.0
4608927500_kvar_hour,0.0,2022-10-19 11:00:00,2022-10-19 11:00:00,1,2.7752166,1,1,1,1,1.0
4608927500_kvar_hour,0.0,2022-10-24 21:00:00,2022-10-24 21:00:00,1,9.42809,1,1,1,1,1.0
4608927500_kvar_hour,0.0,2022-10-25 10:00:00,2022-10-25 10:00:00,1,2.4649696,1,1,1,1,1.0
4608927500_kvar_hour,0.0,2022-10-31 22:00:00,2022-10-31 23:00:00,2,1.029669,1,1,1,1,2.0
4608927500_kvar_hour,0.0,2022-11-04 00:00:00,2022-11-04 02:00:00,3,11.12971,1,1,1,1,1.0
4608927500_kvar_hour,0.0,2022-11-04 13:00:00,2022-11-04 13:00:00,1,0.11844603,1,1,1,1,1.0
4608927500_kvar_hour,0.0,2022-11-04 21:00:00,2022-11-04 22:00:00,2,0.54489756,1,1,1,1,1.0
4608927500_kvar_hour,0.0,2022-11-07 08:00:00,2022-11-07 08:00:00,1,2.1817095,1,1,1,1,16.0
4608927500_kvar_hour,0.0,2022-11-08 19:00:00,2022-11-08 23:00:00,5,0.1343204,1,1,1,1,1.0
4608927500_kvar_hour,0.0,2022-11-10 07:00:00,2022-11-10 07:00:00,1,0.9686925,1,1,1,1,1.0
4608927500_kvar_hour,0.0,2022-11-12 08:00:00,2022-11-12 08:00:00,1,0.252302,1,1,1,1,1.0
4608927500_kvar_hour,0.0,2022-11-12 10:00:00,2022-11-12 12:00:00,3,0.1635734,1,1,1,1,1.0
4608927500_kvar_hour,0.0,2022-11-12 16:00:00,2022-11-12 16:00:00,1,0.09821577,1,1,1,1,1.0
4608927500_kvar_hour,0.0,2022-11-13 06:00:00,2022-11-13 06:00:00,1,5.8236184,1,1,1,1,1.0
4608927500_kvar_hour,0.0,2022-11-14 11:00:00,2022-11-14 11:00:00,1,3.3831024,1,1,1,1,1.0
4608927500_kvar_hour,0.0,2022-11-20 07:00:00,2022-11-20 07:00:00,1,4.598926,1,1,1,1,1.0
4608927500_kvar_hour,0.0,2022-11-24 08:00:00,2022-11-24 09:00:00,2,2.961872,1,1,1,1,1.0
4608927500_kvar_hour,0.0,2022-11-26 07:00:00,2022-11-26 07:00:00,1,0.2051776,1,1,1,1,1.0
4608927500_kvar_hour,0.0,2022-12-04 14:00:00,2022-12-04 14:00:00,1,0.33578813,1,1,1,1,1.0
4608927500_kvar_hour,0.0,2022-12-04 23:00:00,2022-12-04 23:00:00,1,0.08588211,1,1,1,1,25.0
4608927500_kvar_hour,0.0,2022-12-08 05:00:00,2022-12-08 05:00:00,1,0.1537296,1,1,1,1,1.0
4608927500_kvar_hour,0.0,2022-12-21 09:00:00,2022-12-21 09:00:00,1,69.84951,1,1,1,1,1.0
4608927500_kvar_hour,0.0,2022-12-22 07:00:00,2022-12-22 07:00:00,1,6.798574,1,1,1,1,1.0
4608927500_kvar_hour,0.0,2022-12-24 00:00:00,2022-12-24 02:00:00,3,63.12079,1,1,1,1,1.0
4608927500_kvar_hour,0.0,2022-12-27 00:00:00,2022-12-27 00:00:00,1,0.51514226,1,1,1,1,1.0
4608927500_kvar_hour,0.0,2022-12-27 02:00:00,2022-12-27 02:00:00,1,0.30575976,1,1,1,1,1.0
4608927500_kvar_hour,0.0,2022-12-28 00:00:00,2022-12-28 00:00:00,1,0.19451347,0,0,0,0,
4608927500_kvar_hour,0.0,2022-12-28 02:00:00,2022-12-28 03:00:00,2,1.8453125,0,0,0,0,
4608927500_kvar_hour,0.0,2022-12-29 02:00:00,2022-12-29 03:00:00,2,0.97590107,0,0,0,0,
4608927500_kvar_hour,0.0,2022-12-30 02:00:00,2022-12-30 03:00:00,2,1.3960174,0,0,0,0,
4700008966_kW,0.028974043199999994,2022-01-06 03:00:00,2022-01-06 04:00:00,2,3.432065,1,1,1,1,1.0
4700008966_kW,0.028974043199999994,2022-01-08 02:00:00,2022-01-08 02:00:00,1,38.864475,1,1,1,1,1.0
4700008966_kW,0.028974043199999994,2022-01-11 06:00:00,2022-01-11 06:00:00,1,0.04771706,1,1,1,1,18.0
4700008966_kW,0.028974043199999994,2022-01-11 10:00:00,2022-01-11 10:00:00,1,0.052742302,1,1,1,1,14.0
4700008966_kW,0.028974043199999994,2022-01-13 17:00:00,2022-01-13 17:00:00,1,0.03815889,1,1,1,1,1.0
4700008966_kW,0.028974043199999994,2022-01-15 12:00:00,2022-01-15 12:00:00,1,0.04263045,1,1,1,1,1.0
4700008966_kW,0.028974043199999994,2022-01-15 14:00:00,2022-01-15 22:00:00,9,0.7521761,1,1,1,1,1.0
4700008966_kW,0.028974043199999994,2022-01-29 17:00:00,2022-01-29 17:00:00,1,0.08359753,1,1,1,1,1.0
4700008966_kW,0.028974043199999994,2022-02-02 13:00:00,2022-02-02 15:00:00,3,0.9826509,1,1,1,1,1.0
4700008966_kW,0.028974043199999994,2022-02-04 19:00:00,2022-02-04 19:00:00,1,0.03486011,0,1,1,1,29.0
4700008966_kW,0.028974043199999994,2022-02-04 21:00:00,2022-02-04 21:00:00,1,0.06143164,0,1,1,1,27.0
4700008966_kW,0.028974043199999994,2022-02-07 09:00:00,2022-02-07 09:00:00,1,0.05158403,1,1,1,1,15.0
4700008966_kW,0.028974043199999994,2022-02-07 16:00:00,2022-02-07 18:00:00,3,0.049409643,1,1,1,1,8.0
4700008966_kW,0.028974043199999994,2022-02-10 16:00:00,2022-02-10 17:00:00,2,34.72264,1,1,1,1,1.0
4700008966_kW,0.028974043199999994,2022-02-14 21:00:00,2022-02-14 21:00:00,1,10.630071,1,1,1,1,1.0
4700008966_kW,0.028974043199999994,2022-02-16 00:00:00,2022-02-16 01:00:00,2,3.9125931,0,0,0,0,240.0
4700008966_kW,0.028974043199999994,2022-02-16 03:00:00,2022-02-16 08:00:00,6,0.33954298,0,0,0,0,237.0
4700008966_kW,0.028974043199999994,2022-02-17 03:00:00,2022-02-17 06:00:00,4,81.596535,0,0,0,0,213.0
4700008966_kW,0.028974043199999994,2022-02-17 10:00:00,2022-02-17 11:00:00,2,78.68578,0,0,0,0,206.0
4700008966_kW,0.028974043199999994,2022-02-17 21:00:00,2022-02-17 21:00:00,1,0.106088854,0,0,0,0,195.0
4700008966_kW,0.028974043199999994,2022-03-04 19:00:00,2022-03-04 19:00:00,1,0.05084443,0,1,1,1,29.0
4700008966_kW,0.028974043199999994,2022-03-07 16:00:00,2022-03-07 16:00:00,1,0.03916665,1,1,1,1,8.0
4700008966_kW,0.028974043199999994,2022-03-11 05:00:00,2022-03-11 05:00:00,1,0.16432264,1,1,1,1,1.0
4700008966_kW,0.028974043199999994,2022-03-27 19:00:00,2022-03-27 19:00:00,1,0.04747673,0,0,0,1,101.0
4700008966_kW,0.028974043199999994,2022-03-31 17:00:00,2022-03-31 17:00:00,1,0.06069907,1,1,1,1,7.0
4700008966_kW,0.028974043199999994,2022-04-01 08:00:00,2022-04-01 08:00:00,1,0.3164836,1,1,1,1,1.0
4700008966_kW,0.028974043199999994,2022-04-01 14:00:00,2022-04-01 14:00:00,1,65.89892,1,1,1,1,1.0
4700008966_kW,0.028974043199999994,2022-04-05 04:00:00,2022-04-05 06:00:00,3,95.075424,1,1,1,1,20.0
4700008966_kW,0.028974043199999994,2022-04-05 10:00:00,2022-04-05 10:00:00,1,1.1177619,1,1,1,1,14.0
4700008966_kW,0.028974043199999994,2022-04-05 13:00:00,2022-04-05 13:00:00,1,0.06408771,1,1,1,1,11.0
4700008966_kW,0.028974043199999994,2022-04-05 19:00:00,2022-04-05 20:00:00,2,1.2189503,1,1,1,1,5.0
4700008966_kW,0.028974043199999994,2022-04-07 09:00:00,2022-04-07 09:00:00,1,0.11631346,1,1,1,1,15.0
4700008966_kW,0.028974043199999994,2022-04-11 22:00:00,2022-04-11 22:00:00,1,2.029001,1,1,1,1,1.0
4700008966_kW,0.028974043199999994,2022-04-19 12:00:00,2022-04-19 14:00:00,3,0.050721914,1,1,1,1,1.0
4700008966_kW,0.028974043199999994,2022-04-23 23:00:00,2022-04-24 00:00:00,2,21.06633,0,0,0,0,169.0
4700008966_kW,0.028974043199999994,2022-04-27 00:00:00,2022-04-27 00:00:00,1,0.03319774,0,0,0,1,96.0
4700008966_kW,0.028974043199999994,2022-04-29 13:00:00,2022-04-29 13:00:00,1,0.04475677,0,1,1,1,35.0
4700008966_kW,0.028974043199999994,2022-04-30 20:00:00,2022-04-30 20:00:00,1,0.03308185,1,1,1,1,4.0
4700008966_kW,0.028974043199999994,2022-05-01 07:00:00,2022-05-01 08:00:00,2,55.94913,1,1,1,1,1.0
4700008966_kW,0.028974043199999994,2022-05-04 07:00:00,2022-05-04 07:00:00,1,0.03101282,1,1,1,1,1.0
4700008966_kW,0.028974043199999994,2022-05-05 04:00:00,2022-05-05 04:00:00,1,65.00534,1,1,1,1,20.0
4700008966_kW,0.028974043199999994,2022-05-07 08:00:00,2022-05-07 09:00:00,2,0.06153177,1,1,1,1,16.0
4700008966_kW,0.028974043199999994,2022-05-07 13:00:00,2022-05-07 14:00:00,2,0.062315714,1,1,1,1,11.0
4700008966_kW,0.028974043199999994,2022-05-12 23:00:00,2022-05-12 23:00:00,1,0.06624266,1,1,1,1,409.0
4700008966_kW,0.028974043199999994,2022-05-13 18:00:00,2022-05-13 18:00:00,1,0.046020966,0,0,0,0,390.0
4700008966_kW,0.028974043199999994,2022-05-13 21:00:00,2022-05-13 21:00:00,1,0.03125972,0,0,0,0,387.0
4700008966_kW,0.028974043199999994,2022-05-14 13:00:00,2022-05-14 13:00:00,1,10.89208,0,0,0,0,371.0
4700008966_kW,0.028974043199999994,2022-05-17 15:00:00,2022-05-17 15:00:00,1,21.48242,0,0,0,0,297.0
4700008966_kW,0.028974043199999994,2022-05-21 01:00:00,2022-05-21 03:00:00,3,50.54859,0,0,0,0,215.0
4700008966_kW,0.028974043199999994,2022-05-25 07:00:00,2022-05-25 07:00:00,1,8.398548,0,0,0,1,113.0
4700008966_kW,0.028974043199999994,2022-06-02 22:00:00,2022-06-02 23:00:00,2,0.6680155,1,1,1,1,1.0
4700008966_kW,0.028974043199999994,2022-06-08 13:00:00,2022-06-08 13:00:00,1,0.05034806,1,1,1,1,1.0
4700008966_kW,0.028974043199999994,2022-06-09 11:00:00,2022-06-09 11:00:00,1,37.52276,1,1,1,1,1.0
4700008966_kW,0.028974043199999994,2022-06-12 01:00:00,2022-06-12 10:00:00,10,56.167595,1,1,1,1,1.0
4700008966_kW,0.028974043199999994,2022-06-14 10:00:00,2022-06-17 09:00:00,72,99.07577,1,1,1,1,1.0
4700008966_kW,0.028974043199999994,2022-06-17 11:00:00,2022-06-17 13:00:00,3,3.5779104,1,1,1,1,1.0
4700008966_kW,0.028974043199999994,2022-06-17 15:00:00,2022-06-17 17:00:00,3,1.1318187,1,1,1,1,1.0
4700008966_kW,0.028974043199999994,2022-06-17 23:00:00,2022-06-17 23:00:00,1,0.033847585,1,1,1,1,1.0
4700008966_kW,0.028974043199999994,2022-06-18 01:00:00,2022-06-19 12:00:00,36,55.475597,1,1,1,1,1.0
4700008966_kW,0.028974043199999994,2022-06-19 18:00:00,2022-06-19 21:00:00,4,11.807424,1,1,1,1,1.0
4700008966_kW,0.028974043199999994,2022-06-19 23:00:00,2022-06-20 03:00:00,5,0.23766737,1,1,1,1,1.0
4700008966_kW,0.028974043199999994,2022-06-20 19:00:00,2022-06-20 20:00:00,2,0.71802425,1,1,1,1,1.0
4700008966_kW,0.028974043199999994,2022-06-21 00:00:00,2022-06-21 03:00:00,4,0.41827607,1,1,1,1,1.0
4700008966_kW,0.028974043199999994,2022-06-21 20:00:00,2022-06-21 21:00:00,2,0.04582339,1,1,1,1,1.0
4700008966_kW,0.028974043199999994,2022-06-24 17:00:00,2022-06-24 20:00:00,4,0.28227234,1,1,1,1,1.0
4700008966_kW,0.028974043199999994,2022-06-25 11:00:00,2022-06-25 21:00:00,11,0.6719728,1,1,1,1,1.0
4700008966_kW,0.028974043199999994,2022-06-26 04:00:00,2022-06-26 05:00:00,2,0.03058977,1,1,1,1,1.0
4700008966_kW,0.028974043199999994,2022-07-02 00:00:00,2022-07-02 02:00:00,3,96.06258,1,1,1,1,1.0
4700008966_kW,0.028974043199999994,2022-07-02 04:00:00,2022-07-02 05:00:00,2,4.321882,1,1,1,1,1.0
4700008966_kW,0.028974043199999994,2022-07-02 07:00:00,2022-07-02 08:00:00,2,0.09458824,1,1,1,1,1.0
4700008966_kW,0.028974043199999994,2022-07-05 13:00:00,2022-07-05 14:00:00,2,15.67712,1,1,1,1,11.0
4700008966_kW,0.028974043199999994,2022-07-06 17:00:00,2022-07-06 17:00:00,1,41.49725,1,1,1,1,1.0
4700008966_kW,0.028974043199999994,2022-07-10 05:00:00,2022-07-10 05:00:00,1,0.09725484,1,1,1,1,1.0
4700008966_kW,0.028974043199999994,2022-07-13 06:00:00,2022-07-13 06:00:00,1,0.5350655,1,1,1,1,1.0
4700008966_kW,0.028974043199999994,2022-07-15 15:00:00,2022-07-15 15:00:00,1,0.02918472,1,1,1,1,1.0
4700008966_kW,0.028974043199999994,2022-07-16 15:00:00,2022-07-16 15:00:00,1,0.1026958,1,1,1,1,1.0
4700008966_kW,0.028974043199999994,2022-07-16 17:00:00,2022-07-16 17:00:00,1,0.03776992,1,1,1,1,1.0
4700008966_kW,0.028974043199999994,2022-07-17 12:00:00,2022-07-17 12:00:00,1,0.3455304,1,1,1,1,1.0
4700008966_kW,0.028974043199999994,2022-07-17 16:00:00,2022-07-17 16:00:00,1,0.05183355,1,1,1,1,1.0
4700008966_kW,0.028974043199999994,2022-07-17 20:00:00,2022-07-17 20:00:00,1,0.03047674,1,1,1,1,1.0
4700008966_kW,0.028974043199999994,2022-07-30 00:00:00,2022-07-30 00:00:00,1,0.03185068,1,1,1,1,1.0
4700008966_kW,0.028974043199999994,2022-07-31 12:00:00,2022-07-31 13:00:00,2,1.03706,1,1,1,1,1.0
4700008966_kW,0.028974043199999994,2022-07-31 17:00:00,2022-07-31 17:00:00,1,0.5414462,1,1,1,1,1.0
4700008966_kW,0.028974043199999994,2022-08-01 15:00:00,2022-08-01 15:00:00,1,0.06089307,1,1,1,1,1.0
4700008966_kW,0.028974043199999994,2022-08-01 17:00:00,2022-08-01 17:00:00,1,0.08277693,1,1,1,1,1.0
4700008966_kW,0.028974043199999994,2022-08-04 20:00:00,2022-08-04 21:00:00,2,98.464294,1,1,1,1,1.0
4700008966_kW,0.028974043199999994,2022-08-06 03:00:00,2022-08-06 06:00:00,4,84.49458,1,1,1,1,1.0
4700008966_kW,0.028974043199999994,2022-08-06 14:00:00,2022-08-06 16:00:00,3,76.21699,1,1,1,1,1.0
4700008966_kW,0.028974043199999994,2022-08-08 00:00:00,2022-08-08 00:00:00,1,0.03021582,1,1,1,1,1.0
4700008966_kW,0.028974043199999994,2022-08-09 14:00:00,2022-08-09 15:00:00,2,25.05097,1,1,1,1,1.0
4700008966_kW,0.028974043199999994,2022-08-17 20:00:00,2022-08-18 07:00:00,12,45.40458,1,1,1,1,1.0
4700008966_kW,0.028974043199999994,2022-08-19 18:00:00,2022-08-19 18:00:00,1,0.4219866,1,1,1,1,1.0
4700008966_kW,0.028974043199999994,2022-08-21 13:00:00,2022-08-21 13:00:00,1,10.61252,1,1,1,1,1.0
4700008966_kW,0.028974043199999994,2022-08-21 23:00:00,2022-08-22 01:00:00,3,24.23944,1,1,1,1,1.0
4700008966_kW,0.028974043199999994,2022-08-22 05:00:00,2022-08-22 05:00:00,1,0.032940634,1,1,1,1,1.0
4700008966_kW,0.028974043199999994,2022-08-22 19:00:00,2022-08-22 21:00:00,3,32.00791,1,1,1,1,1.0
4700008966_kW,0.028974043199999994,2022-08-24 15:00:00,2022-08-24 16:00:00,2,30.17282,1,1,1,1,1.0
4700008966_kW,0.028974043199999994,2022-08-28 01:00:00,2022-08-28 01:00:00,1,22.963577,1,1,1,1,1.0
4700008966_kW,0.028974043199999994,2022-09-04 06:00:00,2022-09-04 07:00:00,2,72.3841,1,1,1,1,1.0
4700008966_kW,0.028974043199999994,2022-09-06 12:00:00,2022-09-06 13:00:00,2,43.81728,1,1,1,1,1.0
4700008966_kW,0.028974043199999994,2022-09-06 16:00:00,2022-09-06 18:00:00,3,87.59539,1,1,1,1,1.0
4700008966_kW,0.028974043199999994,2022-09-07 06:00:00,2022-09-07 06:00:00,1,0.05497807,1,1,1,1,18.0
4700008966_kW,0.028974043199999994,2022-09-07 09:00:00,2022-09-07 09:00:00,1,0.032031972,1,1,1,1,15.0
4700008966_kW,0.028974043199999994,2022-09-07 11:00:00,2022-09-07 11:00:00,1,0.09381696,1,1,1,1,13.0
4700008966_kW,0.028974043199999994,2022-09-07 16:00:00,2022-09-07 21:00:00,6,0.30359772,1,1,1,1,8.0
4700008966_kW,0.028974043199999994,2022-09-08 09:00:00,2022-09-08 23:00:00,15,73.28938,1,1,1,1,1.0
4700008966_kW,0.028974043199999994,2022-09-09 15:00:00,2022-09-09 15:00:00,1,0.051293697,1,1,1,1,1.0
4700008966_kW,0.028974043199999994,2022-09-12 12:00:00,2022-09-12 23:00:00,12,75.68698,1,1,1,1,1.0
4700008966_kW,0.028974043199999994,2022-09-14 22:00:00,2022-09-14 22:00:00,1,35.67809,1,1,1,1,1.0
4700008966_kW,0.028974043199999994,2022-09-15 16:00:00,2022-09-15 18:00:00,3,27.418453,1,1,1,1,1.0
4700008966_kW,0.028974043199999994,2022-09-17 15:00:00,2022-09-17 15:00:00,1,0.10364561,0,0,0,1,81.0
4700008966_kW,0.028974043199999994,2022-09-17 17:00:00,2022-09-17 17:00:00,1,0.10884451,0,0,0,1,79.0
4700008966_kW,0.028974043199999994,2022-09-19 04:00:00,2022-09-19 05:00:00,2,0.10240485,0,1,1,1,44.0
4700008966_kW,0.028974043199999994,2022-09-24 17:00:00,2022-09-24 17:00:00,1,1.2094853,1,1,1,1,1.0
4700008966_kW,0.028974043199999994,2022-09-25 14:00:00,2022-09-25 15:00:00,2,1.0083519,1,1,1,1,1.0
4700008966_kW,0.028974043199999994,2022-09-25 17:00:00,2022-09-25 18:00:00,2,0.056040537,1,1,1,1,1.0
4700008966_kW,0.028974043199999994,2022-09-27 11:00:00,2022-09-27 13:00:00,3,44.70945,1,1,1,1,1.0
4700008966_kW,0.028974043199999994,2022-09-29 01:00:00,2022-09-29 05:00:00,5,22.26089,1,1,1,1,1.0
4700008966_kW,0.028974043199999994,2022-09-30 05:00:00,2022-09-30 08:00:00,4,26.42851,1,1,1,1,1.0
4700008966_kW,0.028974043199999994,2022-10-01 10:00:00,2022-10-01 10:00:00,1,0.09255962,1,1,1,1,1.0
4700008966_kW,0.028974043199999994,2022-10-07 16:00:00,2022-10-07 17:00:00,2,0.033597257,1,1,1,1,8.0
4700008966_kW,0.028974043199999994,2022-10-08 00:00:00,2022-10-08 16:00:00,17,73.80825,1,1,1,1,1.0
4700008966_kW,0.028974043199999994,2022-10-09 12:00:00,2022-10-09 13:00:00,2,22.193739,1,1,1,1,1.0
4700008966_kW,0.028974043199999994,2022-10-12 00:00:00,2022-10-12 03:00:00,4,21.45489,1,1,1,1,1.0
4700008966_kW,0.028974043199999994,2022-10-16 16:00:00,2022-10-16 16:00:00,1,0.03666517,1,1,1,1,1.0
4700008966_kW,0.028974043199999994,2022-10-18 05:00:00,2022-10-18 06:00:00,2,9.239066,1,1,1,1,1.0
4700008966_kW,0.028974043199999994,2022-10-22 15:00:00,2022-10-22 19:00:00,5,0.19148175,1,1,1,1,1.0
4700008966_kW,0.028974043199999994,2022-10-24 20:00:00,2022-10-24 23:00:00,4,28.956406,1,1,1,1,1.0
4700008966_kW,0.028974043199999994,2022-10-25 08:00:00,2022-10-25 08:00:00,1,0.040132582,1,1,1,1,1.0
4700008966_kW,0.028974043199999994,2022-10-28 16:00:00,2022-10-28 17:00:00,2,0.07977453,0,0,0,1,80.0
4700008966_kW,0.028974043199999994,2022-10-29 11:00:00,2022-10-29 11:00:00,1,0.24533239,0,0,1,1,61.0
4700008966_kW,0.028974043199999994,2022-12-16 01:00:00,2022-12-16 02:00:00,2,40.285107,1,1,1,1,1.0
4700008966_kW,0.028974043199999994,2022-12-16 04:00:00,2022-12-16 14:00:00,11,23.87035,1,1,1,1,1.0
4700008966_kW,0.028974043199999994,2022-12-22 23:00:00,2022-12-22 23:00:00,1,0.03862756,1,1,1,1,1.0
4700008966_kW,0.028974043199999994,2022-12-23 23:00:00,2022-12-24 01:00:00,3,36.88859,1,1,1,1,1.0
4700008966_kW,0.028974043199999994,2022-12-26 09:00:00,2022-12-26 09:00:00,1,0.05808315,1,1,1,1,1.0
4700008966_power_hour,0.028974043199999994,2022-01-06 03:00:00,2022-01-06 04:00:00,2,3.432065,1,1,1,1,1.0
4700008966_power_hour,0.028974043199999994,2022-01-08 02:00:00,2022-01-08 02:00:00,1,38.864475,1,1,1,1,1.0
4700008966_power_hour,0.028974043199999994,2022-01-11 06:00:00,2022-01-11 06:00:00,1,0.04771706,1,1,1,1,18.0
4700008966_power_hour,0.028974043199999994,2022-01-11 10:00:00,2022-01-11 10:00:00,1,0.052742302,1,1,1,1,14.0
4700008966_power_hour,0.028974043199999994,2022-01-13 17:00:00,2022-01-13 17:00:00,1,0.03815889,1,1,1,1,1.0
4700008966_power_hour,0.028974043199999994,2022-01-15 12:00:00,2022-01-15 12:00:00,1,0.04263045,1,1,1,1,1.0
4700008966_power_hour,0.028974043199999994,2022-01-15 14:00:00,2022-01-15 22:00:00,9,0.7521761,1,1,1,1,1.0
4700008966_power_hour,0.028974043199999994,2022-01-29 17:00:00,2022-01-29 17:00:00,1,0.08359753,1,1,1,1,1.0
4700008966_power_hour,0.028974043199999994,2022-02-02 13:00:00,2022-02-02 15:00:00,3,0.9826509,1,1,1,1,1.0
4700008966_power_hour,0.028974043199999994,2022-02-04 19:00:00,2022-02-04 19:00:00,1,0.03486011,0,1,1,1,29.0
4700008966_power_hour,0.028974043199999994,2022-02-04 21:00:00,2022-02-04 21:00:00,1,0.06143164,0,1,1,1,27.0
4700008966_power_hour,0.028974043199999994,2022-02-07 09:00:00,2022-02-07 09:00:00,1,0.05158403,1,1,1,1,15.0
4700008966_power_hour,0.028974043199999994,2022-02-07 16:00:00,2022-02-07 18:00:00,3,0.049409643,1,1,1,1,8.0
4700008966_power_hour,0.028974043199999994,2022-02-10 16:00:00,2022-02-10 17:00:00,2,34.72264,1,1,1,1,1.0
4700008966_power_hour,0.028974043199999994,2022-02-14 21:00:00,2022-02-14 21:00:00,1,10.630071,1,1,1,1,1.0
4700008966_power_hour,0.028974043199999994,2022-02-16 00:00:00,2022-02-16 01:00:00,2,3.9125931,0,0,0,0,240.0
4700008966_power_hour,0.028974043199999994,2022-02-16 03:00:00,2022-02-16 08:00:00,6,0.33954298,0,0,0,0,237.0
4700008966_power_hour,0.028974043199999994,2022-02-17 03:00:00,2022-02-17 06:00:00,4,81.596535,0,0,0,0,213.0
4700008966_power_hour,0.028974043199999994,2022-02-17 10:00:00,2022-02-17 11:00:00,2,78.68578,0,0,0,0,206.0
4700008966_power_hour,0.028974043199999994,2022-02-17 21:00:00,2022-02-17 21:00:00,1,0.106088854,0,0,0,0,195.0
4700008966_power_hour,0.028974043199999994,2022-03-04 19:00:00,2022-03-04 19:00:00,1,0.05084443,0,1,1,1,29.0
4700008966_power_hour,0.028974043199999994,2022-03-07 16:00:00,2022-03-07 16:00:00,1,0.03916665,1,1,1,1,8.0
4700008966_power_hour,0.028974043199999994,2022-03-11 05:00:00,2022-03-11 05:00:00,1,0.16432264,1,1,1,1,1.0
4700008966_power_hour,0.028974043199999994,2022-03-27 19:00:00,2022-03-27 19:00:00,1,0.04747673,0,0,0,1,101.0
4700008966_power_hour,0.028974043199999994,2022-03-31 17:00:00,2022-03-31 17:00:00,1,0.06069907,1,1,1,1,7.0
4700008966_power_hour,0.028974043199999994,2022-04-01 08:00:00,2022-04-01 08:00:00,1,0.3164836,1,1,1,1,1.0
4700008966_power_hour,0.028974043199999994,2022-04-01 14:00:00,2022-04-01 14:00:00,1,65.89892,1,1,1,1,1.0
4700008966_power_hour,0.028974043199999994,2022-04-05 04:00:00,2022-04-05 06:00:00,3,95.075424,1,1,1,1,20.0
4700008966_power_hour,0.028974043199999994,2022-04-05 10:00:00,2022-04-05 10:00:00,1,1.1177619,1,1,1,1,14.0
4700008966_power_hour,0.028974043199999994,2022-04-05 13:00:00,2022-04-05 13:00:00,1,0.06408771,1,1,1,1,11.0
4700008966_power_hour,0.028974043199999994,2022-04-05 19:00:00,2022-04-05 20:00:00,2,1.2189503,1,1,1,1,5.0
4700008966_power_hour,0.028974043199999994,2022-04-07 09:00:00,2022-04-07 09:00:00,1,0.11631346,1,1,1,1,15.0
4700008966_power_hour,0.028974043199999994,2022-04-11 22:00:00,2022-04-11 22:00:00,1,2.029001,1,1,1,1,1.0
4700008966_power_hour,0.028974043199999994,2022-04-19 12:00:00,2022-04-19 14:00:00,3,0.050721914,1,1,1,1,1.0
4700008966_power_hour,0.028974043199999994,2022-04-23 23:00:00,2022-04-24 00:00:00,2,13.92037,0,0,0,0,169.0
4700008966_power_hour,0.028974043199999994,2022-04-27 00:00:00,2022-04-27 00:00:00,1,0.03319774,0,0,0,1,96.0
4700008966_power_hour,0.028974043199999994,2022-04-29 13:00:00,2022-04-29 13:00:00,1,0.04475677,0,1,1,1,35.0
4700008966_power_hour,0.028974043199999994,2022-04-30 20:00:00,2022-04-30 20:00:00,1,0.03308185,1,1,1,1,4.0
4700008966_power_hour,0.028974043199999994,2022-05-01 07:00:00,2022-05-01 08:00:00,2,55.94913,1,1,1,1,1.0
4700008966_power_hour,0.028974043199999994,2022-05-04 07:00:00,2022-05-04 07:00:00,1,0.03101282,1,1,1,1,1.0
4700008966_power_hour,0.028974043199999994,2022-05-05 04:00:00,2022-05-05 04:00:00,1,42.95474,1,1,1,1,20.0
4700008966_power_hour,0.028974043199999994,2022-05-07 08:00:00,2022-05-07 09:00:00,2,0.06153177,1,1,1,1,16.0
4700008966_power_hour,0.028974043199999994,2022-05-07 13:00:00,2022-05-07 14:00:00,2,0.062315714,1,1,1,1,11.0
4700008966_power_hour,0.028974043199999994,2022-05-12 23:00:00,2022-05-12 23:00:00,1,0.06624266,1,1,1,1,409.0
4700008966_power_hour,0.028974043199999994,2022-05-13 18:00:00,2022-05-13 18:00:00,1,0.046020966,0,0,0,0,390.0
4700008966_power_hour,0.028974043199999994,2022-05-13 21:00:00,2022-05-13 21:00:00,1,0.03125972,0,0,0,0,387.0
4700008966_power_hour,0.028974043199999994,2022-05-14 13:00:00,2022-05-14 13:00:00,1,11.21498,0,0,0,0,371.0
4700008966_power_hour,0.028974043199999994,2022-05-17 15:00:00,2022-05-17 15:00:00,1,21.48242,0,0,0,0,297.0
4700008966_power_hour,0.028974043199999994,2022-05-21 01:00:00,2022-05-21 03:00:00,3,50.54859,0,0,0,0,215.0
4700008966_power_hour,0.028974043199999994,2022-05-25 07:00:00,2022-05-25 07:00:00,1,8.398548,0,0,0,1,113.0
4700008966_power_hour,0.028974043199999994,2022-06-02 22:00:00,2022-06-02 23:00:00,2,0.6680155,1,1,1,1,1.0
4700008966_power_hour,0.028974043199999994,2022-06-08 13:00:00,2022-06-08 13:00:00,1,0.05034806,1,1,1,1,1.0
4700008966_power_hour,0.028974043199999994,2022-06-09 11:00:00,2022-06-09 11:00:00,1,37.52276,1,1,1,1,1.0
4700008966_power_hour,0.028974043199999994,2022-06-12 01:00:00,2022-06-12 10:00:00,10,56.167595,1,1,1,1,1.0
4700008966_power_hour,0.028974043199999994,2022-06-14 10:00:00,2022-06-17 09:00:00,72,99.07577,1,1,1,1,1.0
4700008966_power_hour,0.028974043199999994,2022-06-17 11:00:00,2022-06-17 13:00:00,3,3.5779104,1,1,1,1,1.0
4700008966_power_hour,0.028974043199999994,2022-06-17 15:00:00,2022-06-17 17:00:00,3,1.1318187,1,1,1,1,1.0
4700008966_power_hour,0.028974043199999994,2022-06-17 23:00:00,2022-06-17 23:00:00,1,0.033847585,1,1,1,1,1.0
4700008966_power_hour,0.028974043199999994,2022-06-18 01:00:00,2022-06-19 12:00:00,36,55.475597,1,1,1,1,1.0
4700008966_power_hour,0.028974043199999994,2022-06-19 18:00:00,2022-06-19 21:00:00,4,11.807424,1,1,1,1,1.0
4700008966_power_hour,0.028974043199999994,2022-06-19 23:00:00,2022-06-20 03:00:00,5,0.23766737,1,1,1,1,1.0
4700008966_power_hour,0.028974043199999994,2022-06-20 19:00:00,2022-06-20 20:00:00,2,0.71802425,1,1,1,1,1.0
4700008966_power_hour,0.028974043199999994,2022-06-21 00:00:00,2022-06-21 03:00:00,4,0.41827607,1,1,1,1,1.0
4700008966_power_hour,0.028974043199999994,2022-06-21 20:00:00,2022-06-21 21:00:00,2,0.04582339,1,1,1,1,1.0
4700008966_power_hour,0.028974043199999994,2022-06-24 17:00:00,2022-06-24 20:00:00,4,0.28227234,1,1,1,1,1.0
4700008966_power_hour,0.028974043199999994,2022-06-25 11:00:00,2022-06-25 21:00:00,11,0.6719728,1,1,1,1,1.0
4700008966_power_hour,0.028974043199999994,2022-06-26 04:00:00,2022-06-26 05:00:00,2,0.03058977,1,1,1,1,1.0
4700008966_power_hour,0.028974043199999994,2022-07-02 00:00:00,2022-07-02 02:00:00,3,96.06258,1,1,1,1,1.0
4700008966_power_hour,0.028974043199999994,2022-07-02 04:00:00,2022-07-02 05:00:00,2,4.321882,1,1,1,1,1.0
4700008966_power_hour,0.028974043199999994,2022-07-02 07:00:00,2022-07-02 08:00:00,2,0.09458824,1,1,1,1,1.0
4700008966_power_hour,0.028974043199999994,2022-07-05 13:00:00,2022-07-05 14:00:00,2,8.889506,1,1,1,1,11.0
4700008966_power_hour,0.028974043199999994,2022-07-06 17:00:00,2022-07-06 17:00:00,1,41.49725,1,1,1,1,1.0
4700008966_power_hour,0.028974043199999994,2022-07-10 05:00:00,2022-07-10 05:00:00,1,0.09725484,1,1,1,1,1.0
4700008966_power_hour,0.028974043199999994,2022-07-13 06:00:00,2022-07-13 06:00:00,1,0.5350655,1,1,1,1,1.0
4700008966_power_hour,0.028974043199999994,2022-07-15 15:00:00,2022-07-15 15:00:00,1,0.02918472,1,1,1,1,1.0
4700008966_power_hour,0.028974043199999994,2022-07-16 15:00:00,2022-07-16 15:00:00,1,0.1026958,1,1,1,1,1.0
4700008966_power_hour,0.028974043199999994,2022-07-16 17:00:00,2022-07-16 17:00:00,1,0.03776992,1,1,1,1,1.0
4700008966_power_hour,0.028974043199999994,2022-07-17 12:00:00,2022-07-17 12:00:00,1,0.3455304,1,1,1,1,1.0
4700008966_power_hour,0.028974043199999994,2022-07-17 16:00:00,2022-07-17 16:00:00,1,0.05183355,1,1,1,1,1.0
4700008966_power_hour,0.028974043199999994,2022-07-17 20:00:00,2022-07-17 20:00:00,1,0.03047674,1,1,1,1,1.0
4700008966_power_hour,0.028974043199999994,2022-07-30 00:00:00,2022-07-30 00:00:00,1,0.03185068,1,1,1,1,1.0
4700008966_power_hour,0.028974043199999994,2022-07-31 12:00:00,2022-07-31 13:00:00,2,1.03706,1,1,1,1,1.0
4700008966_power_hour,0.028974043199999994,2022-07-31 17:00:00,2022-07-31 17:00:00,1,0.5414462,1,1,1,1,1.0
4700008966_power_hour,0.028974043199999994,2022-08-01 15:00:00,2022-08-01 15:00:00,1,0.06089307,1,1,1,1,1.0
4700008966_power_hour,0.028974043199999994,2022-08-01 17:00:00,2022-08-01 17:00:00,1,0.08277693,1,1,1,1,1.0
4700008966_power_hour,0.028974043199999994,2022-08-04 20:00:00,2022-08-04 21:00:00,2,98.464294,1,1,1,1,1.0
4700008966_power_hour,0.028974043199999994,2022-08-06 03:00:00,2022-08-06 06:00:00,4,84.49458,1,1,1,1,1.0
4700008966_power_hour,0.028974043199999994,2022-08-06 14:00:00,2022-08-06 16:00:00,3,76.21699,1,1,1,1,1.0
4700008966_power_hour,0.028974043199999994,2022-08-08 00:00:00,2022-08-08 00:00:00,1,0.03021582,1,1,1,1,1.0
4700008966_power_hour,0.028974043199999994,2022-08-09 14:00:00,2022-08-09 15:00:00,2,25.05097,1,1,1,1,1.0
4700008966_power_hour,0.028974043199999994,2022-08-17 20:00:00,2022-08-18 07:00:00,12,45.40458,1,1,1,1,1.0
4700008966_power_hour,0.028974043199999994,2022-08-19 18:00:00,2022-08-19 18:00:00,1,0.4219866,1,1,1,1,1.0
4700008966_power_hour,0.028974043199999994,2022-08-21 13:00:00,2022-08-21 13:00:00,1,10.61252,1,1,1,1,1.0
4700008966_power_hour,0.028974043199999994,2022-08-21 23:00:00,2022-08-22 01:00:00,3,24.23944,1,1,1,1,1.0
4700008966_power_hour,0.028974043199999994,2022-08-22 05:00:00,2022-08-22 05:00:00,1,0.032940634,1,1,1,1,1.0
4700008966_power_hour,0.028974043199999994,2022-08-22 19:00:00,2022-08-22 21:00:00,3,32.00791,1,1,1,1,1.0
4700008966_power_hour,0.028974043199999994,2022-08-24 15:00:00,2022-08-24 16:00:00,2,30.17282,1,1,1,1,1.0
4700008966_power_hour,0.028974043199999994,2022-08-28 01:00:00,2022-08-28 01:00:00,1,22.963577,1,1,1,1,1.0
4700008966_power_hour,0.028974043199999994,2022-09-04 06:00:00,2022-09-04 07:00:00,2,72.3841,1,1,1,1,1.0
4700008966_power_hour,0.028974043199999994,2022-09-06 12:00:00,2022-09-06 13:00:00,2,43.81728,1,1,1,1,1.0
4700008966_power_hour,0.028974043199999994,2022-09-06 16:00:00,2022-09-06 18:00:00,3,87.59539,1,1,1,1,1.0
4700008966_power_hour,0.028974043199999994,2022-09-07 06:00:00,2022-09-07 06:00:00,1,0.05497807,1,1,1,1,18.0
4700008966_power_hour,0.028974043199999994,2022-09-07 09:00:00,2022-09-07 09:00:00,1,0.032031972,1,1,1,1,15.0
4700008966_power_hour,0.028974043199999994,2022-09-07 11:00:00,2022-09-07 11:00:00,1,0.09381696,1,1,1,1,13.0
4700008966_power_hour,0.028974043199999994,2022-09-07 16:00:00,2022-09-07 21:00:00,6,0.30359772,1,1,1,1,8.0
4700008966_power_hour,0.028974043199999994,2022-09-08 09:00:00,2022-09-08 23:00:00,15,73.28938,1,1,1,1,1.0
4700008966_power_hour,0.028974043199999994,2022-09-09 15:00:00,2022-09-09 15:00:00,1,0.051293697,1,1,1,1,1.0
4700008966_power_hour,0.028974043199999994,2022-09-12 12:00:00,2022-09-12 23:00:00,12,75.68698,1,1,1,1,1.0
4700008966_power_hour,0.028974043199999994,2022-09-14 22:00:00,2022-09-14 22:00:00,1,35.67809,1,1,1,1,1.0
4700008966_power_hour,0.028974043199999994,2022-09-15 16:00:00,2022-09-15 18:00:00,3,27.418453,1,1,1,1,1.0
4700008966_power_hour,0.028974043199999994,2022-09-17 15:00:00,2022-09-17 15:00:00,1,0.10364561,0,0,0,1,81.0
4700008966_power_hour,0.028974043199999994,2022-09-17 17:00:00,2022-09-17 17:00:00,1,0.10884451,0,0,0,1,79.0
4700008966_power_hour,0.028974043199999994,2022-09-19 04:00:00,2022-09-19 05:00:00,2,0.10240485,0,1,1,1,44.0
4700008966_power_hour,0.028974043199999994,2022-09-24 17:00:00,2022-09-24 17:00:00,1,1.2094853,1,1,1,1,1.0
4700008966_power_hour,0.028974043199999994,2022-09-25 14:00:00,2022-09-25 15:00:00,2,1.0083519,1,1,1,1,1.0
4700008966_power_hour,0.028974043199999994,2022-09-25 17:00:00,2022-09-25 18:00:00,2,0.056040537,1,1,1,1,1.0
4700008966_power_hour,0.028974043199999994,2022-09-27 11:00:00,2022-09-27 13:00:00,3,44.70945,1,1,1,1,1.0
4700008966_power_hour,0.028974043199999994,2022-09-29 01:00:00,2022-09-29 05:00:00,5,22.26089,1,1,1,1,1.0
4700008966_power_hour,0.028974043199999994,2022-09-30 05:00:00,2022-09-30 08:00:00,4,26.42851,1,1,1,1,1.0
4700008966_power_hour,0.028974043199999994,2022-10-01 10:00:00,2022-10-01 10:00:00,1,0.09255962,1,1,1,1,1.0
4700008966_power_hour,0.028974043199999994,2022-10-07 16:00:00,2022-10-07 17:00:00,2,0.033597257,1,1,1,1,8.0
4700008966_power_hour,0.028974043199999994,2022-10-08 00:00:00,2022-10-08 16:00:00,17,73.80825,1,1,1,1,1.0
4700008966_power_hour,0.028974043199999994,2022-10-09 12:00:00,2022-10-09 13:00:00,2,22.193739,1,1,1,1,1.0
4700008966_power_hour,0.028974043199999994,2022-10-12 00:00:00,2022-10-12 03:00:00,4,21.45489,1,1,1,1,1.0
4700008966_power_hour,0.028974043199999994,2022-10-16 16:00:00,2022-10-16 16:00:00,1,0.03666517,1,1,1,1,1.0
4700008966_power_hour,0.028974043199999994,2022-10-18 05:00:00,2022-10-18 06:00:00,2,9.239066,1,1,1,1,1.0
4700008966_power_hour,0.028974043199999994,2022-10-22 15:00:00,2022-10-22 19:00:00,5,0.19148175,1,1,1,1,1.0
4700008966_power_hour,0.028974043199999994,2022-10-24 20:00:00,2022-10-24 23:00:00,4,28.956406,1,1,1,1,1.0
4700008966_power_hour,0.028974043199999994,2022-10-25 08:00:00,2022-10-25 08:00:00,1,0.040132582,1,1,1,1,1.0
4700008966_power_hour,0.028974043199999994,2022-10-28 16:00:00,2022-10-28 17:00:00,2,0.07977453,0,0,0,1,80.0
4700008966_power_hour,0.028974043199999994,2022-10-29 11:00:00,2022-10-29 11:00:00,1,0.24533239,0,0,1,1,61.0
4700008966_power_hour,0.028974043199999994,2022-12-16 01:00:00,2022-12-16 02:00:00,2,40.285107,1,1,1,1,1.0
4700008966_power_hour,0.028974043199999994,2022-12-16 04:00:00,2022-12-16 14:00:00,11,23.87035,1,1,1,1,1.0
4700008966_power_hour,0.028974043199999994,2022-12-22 23:00:00,2022-12-22 23:00:00,1,0.03862756,1,1,1,1,1.0
4700008966_power_hour,0.028974043199999994,2022-12-23 23:00:00,2022-12-24 01:00:00,3,36.88859,1,1,1,1,1.0
4700008966_power_hour,0.028974043199999994,2022-12-26 09:00:00,2022-12-26 09:00:00,1,0.05808315,1,1,1,1,1.0
gw_lvl_site2_anomaly_score,75.79,2022-06-13 00:00:00,2022-06-13 23:00:00,24,97.05,1,1,1,1,1.0
gw_lvl_site2_anomaly_score,75.79,2022-06-16 00:00:00,2022-06-16 23:00:00,24,88.28,1,1,1,1,1.0
gw_lvl_site2_anomaly_score,75.79,2022-06-20 00:00:00,2022-06-22 23:00:00,72,78.9,1,1,1,1,1.0
gw_lvl_site2_anomaly_score,75.79,2022-10-23 00:00:00,2022-10-31 23:00:00,216,100.0,1,1,1,1,1.0
gw_temp_site2_anomaly_score,75.69,2022-04-13 00:00:00,2022-04-13 23:00:00,24,100.0,1,1,1,1,1.0
gw_temp_site2_anomaly_score,75.69,2022-05-04 00:00:00,2022-05-04 23:00:00,24,100.0,1,1,1,1,1.0
gw_temp_site2_anomaly_score,75.69,2022-06-04 00:00:00,2022-06-04 23:00:00,24,100.0,1,1,1,1,1.0
gw_temp_site2_anomaly_score,75.69,2022-07-04 00:00:00,2022-07-04 23:00:00,24,100.0,1,1,1,1,1.0
gw_temp_site2_anomaly_score,75.69,2022-08-04 00:00:00,2022-08-04 23:00:00,24,100.0,1,1,1,1,1.0
gw_temp_site2_anomaly_score,75.69,2022-09-04 00:00:00,2022-09-04 23:00:00,24,100.0,1,1,1,1,1.0
gw_temp_site2_anomaly_score,75.69,2022-09-13 00:00:00,2022-09-16 23:00:00,96,78.92,1,1,1,1,1.0
gw_temp_site2_anomaly_score,75.69,2022-10-04 00:00:00,2022-10-04 23:00:00,24,100.0,1,1,1,1,1.0
gw_temp_site2_anomaly_score,75.69,2022-11-04 00:00:00,2022-11-04 23:00:00,24,100.0,1,1,1,1,1.0
gw_temp_site2_anomaly_score,75.69,2022-12-04 00:00:00,2022-12-04 23:00:00,24,100.0,1,1,1,1,1.0
sfc_temp_site1_anomaly_score,47.41,2022-01-07 08:00:00,2022-01-07 16:00:00,9,77.98,1,1,1,1,16.0
sfc_temp_site1_anomaly_score,47.41,2022-01-13 00:00:00,2022-01-13 02:00:00,3,63.81,1,1,1,1,1.0
sfc_temp_site1_anomaly_score,47.41,2022-01-15 05:00:00,2022-01-15 06:00:00,2,59.34,1,1,1,1,1.0
sfc_temp_site1_anomaly_score,47.41,2022-01-15 21:00:00,2022-01-15 21:00:00,1,57.58,1,1,1,1,1.0
sfc_temp_site1_anomaly_score,47.41,2022-01-15 23:00:00,2022-01-16 07:00:00,9,80.03,1,1,1,1,1.0
sfc_temp_site1_anomaly_score,47.41,2022-01-18 22:00:00,2022-01-19 01:00:00,4,60.72,1,1,1,1,1.0
sfc_temp_site1_anomaly_score,47.41,2022-01-19 04:00:00,2022-01-19 06:00:00,3,75.92,1,1,1,1,1.0
sfc_temp_site1_anomaly_score,47.41,2022-01-19 17:00:00,2022-01-19 19:00:00,3,57.71,1,1,1,1,1.0
sfc_temp_site1_anomaly_score,47.41,2022-01-19 21:00:00,2022-01-19 22:00:00,2,50.62,1,1,1,1,1.0
sfc_temp_site1_anomaly_score,47.41,2022-01-22 20:00:00,2022-01-22 20:00:00,1,48.71,1,1,1,1,1.0
sfc_temp_site1_anomaly_score,47.41,2022-01-23 00:00:00,2022-01-23 07:00:00,8,87.64,1,1,1,1,1.0
sfc_temp_site1_anomaly_score,47.41,2022-01-23 20:00:00,2022-01-24 07:00:00,12,92.35,1,1,1,1,1.0
sfc_temp_site1_anomaly_score,47.41,2022-01-24 15:00:00,2022-01-24 21:00:00,7,88.69,1,1,1,1,1.0
sfc_temp_site1_anomaly_score,47.41,2022-01-29 04:00:00,2022-01-29 07:00:00,4,91.29,1,1,1,1,1.0
sfc_temp_site1_anomaly_score,47.41,2022-02-03 02:00:00,2022-02-03 04:00:00,3,56.57,1,1,1,1,1.0
sfc_temp_site1_anomaly_score,47.41,2022-02-08 10:00:00,2022-02-08 15:00:00,6,52.62,1,1,1,1,1.0
sfc_temp_site1_anomaly_score,47.41,2022-02-13 01:00:00,2022-02-13 06:00:00,6,64.61,1,1,1,1,1.0
sfc_temp_site1_anomaly_score,47.41,2022-03-04 22:00:00,2022-03-04 23:00:00,2,52.78,0,1,1,1,26.0
sfc_temp_site1_anomaly_score,47.41,2022-03-07 10:00:00,2022-03-07 15:00:00,6,63.51,1,1,1,1,14.0
sfc_temp_site1_anomaly_score,47.41,2022-03-08 09:00:00,2022-03-08 15:00:00,7,67.48,1,1,1,1,1.0
sfc_temp_site1_anomaly_score,47.41,2022-03-13 00:00:00,2022-03-13 05:00:00,6,74.2,1,1,1,1,1.0
sfc_temp_site1_anomaly_score,47.41,2022-03-20 22:00:00,2022-03-21 00:00:00,3,51.37,0,0,0,0,266.0
sfc_temp_site1_anomaly_score,47.41,2022-04-04 00:00:00,2022-04-04 01:00:00,2,59.2,0,1,1,1,48.0
sfc_temp_site1_anomaly_score,47.41,2022-04-04 03:00:00,2022-04-04 04:00:00,2,70.85,0,1,1,1,45.0
sfc_temp_site1_anomaly_score,47.41,2022-04-06 13:00:00,2022-04-06 13:00:00,1,52.37,1,1,1,1,1.0
sfc_temp_site1_anomaly_score,47.41,2022-04-07 09:00:00,2022-04-07 11:00:00,3,58.19,1,1,1,1,15.0
sfc_temp_site1_anomaly_score,47.41,2022-04-08 08:00:00,2022-04-08 15:00:00,8,75.0,1,1,1,1,1.0
sfc_temp_site1_anomaly_score,47.41,2022-05-08 08:00:00,2022-05-08 15:00:00,8,81.63,1,1,1,1,1.0
sfc_temp_site1_anomaly_score,47.41,2022-06-20 12:00:00,2022-06-20 13:00:00,2,49.05,1,1,1,1,1.0
sfc_temp_site1_anomaly_score,47.41,2022-06-20 15:00:00,2022-06-20 15:00:00,1,48.68,1,1,1,1,1.0
sfc_temp_site1_anomaly_score,47.41,2022-06-26 12:00:00,2022-06-26 15:00:00,4,49.63,1,1,1,1,1.0
sfc_temp_site1_anomaly_score,47.41,2022-06-27 11:00:00,2022-06-27 15:00:00,5,53.61,1,1,1,1,1.0
sfc_temp_site1_anomaly_score,47.41,2022-06-28 11:00:00,2022-06-28 15:00:00,5,53.61,1,1,1,1,1.0
sfc_temp_site1_anomaly_score,47.41,2022-06-29 09:00:00,2022-06-29 15:00:00,7,72.23,1,1,1,1,1.0
sfc_temp_site1_anomaly_score,47.41,2022-06-30 09:00:00,2022-06-30 16:00:00,8,75.42,1,1,1,1,1.0
sfc_temp_site1_anomaly_score,47.41,2022-07-01 00:00:00,2022-07-01 07:00:00,8,82.82,1,1,1,1,1.0
sfc_temp_site1_anomaly_score,47.41,2022-07-01 16:00:00,2022-07-01 23:00:00,8,82.06,1,1,1,1,1.0
sfc_temp_site1_anomaly_score,47.41,2022-07-06 07:00:00,2022-07-06 09:00:00,3,52.37,1,1,1,1,1.0
sfc_temp_site1_anomaly_score,47.41,2022-07-06 11:00:00,2022-07-06 12:00:00,2,52.62,1,1,1,1,1.0
sfc_temp_site1_anomaly_score,47.41,2022-07-13 10:00:00,2022-07-13 13:00:00,4,53.05,1,1,1,1,1.0
sfc_temp_site1_anomaly_score,47.41,2022-07-14 11:00:00,2022-07-14 13:00:00,3,74.04,1,1,1,1,1.0
sfc_temp_site1_anomaly_score,47.41,2022-07-14 15:00:00,2022-07-14 15:00:00,1,61.1,1,1,1,1,1.0
sfc_temp_site1_anomaly_score,47.41,2022-07-18 10:00:00,2022-07-18 15:00:00,6,67.48,1,1,1,1,1.0
sfc_temp_site1_anomaly_score,47.41,2022-07-19 08:00:00,2022-07-19 16:00:00,9,87.82,1,1,1,1,1.0
sfc_temp_site1_anomaly_score,47.41,2022-07-20 07:00:00,2022-07-20 16:00:00,10,95.93,1,1,1,1,1.0
sfc_temp_site1_anomaly_score,47.41,2022-07-21 07:00:00,2022-07-21 16:00:00,10,100.0,1,1,1,1,1.0
sfc_temp_site1_anomaly_score,47.41,2022-07-22 07:00:00,2022-07-22 16:00:00,10,100.0,1,1,1,1,1.0
sfc_temp_site1_anomaly_score,47.41,2022-07-23 06:00:00,2022-07-23 14:00:00,9,99.05,1,1,1,1,1.0
sfc_temp_site1_anomaly_score,47.41,2022-07-24 09:00:00,2022-07-24 15:00:00,7,75.56,1,1,1,1,1.0
sfc_temp_site1_anomaly_score,47.41,2022-07-25 08:00:00,2022-07-25 16:00:00,9,88.27,1,1,1,1,1.0
sfc_temp_site1_anomaly_score,47.41,2022-07-27 09:00:00,2022-07-27 09:00:00,1,49.51,1,1,1,1,1.0
sfc_temp_site1_anomaly_score,47.41,2022-07-28 08:00:00,2022-07-28 14:00:00,7,75.56,1,1,1,1,1.0
sfc_temp_site1_anomaly_score,47.41,2022-07-29 07:00:00,2022-07-29 13:00:00,7,91.29,1,1,1,1,1.0
sfc_temp_site1_anomaly_score,47.41,2022-08-01 00:00:00,2022-08-01 07:00:00,8,91.29,1,1,1,1,1.0
sfc_temp_site1_anomaly_score,47.41,2022-08-14 11:00:00,2022-08-14 14:00:00,4,52.49,1,1,1,1,1.0
sfc_temp_site1_anomaly_score,47.41,2022-08-15 09:00:00,2022-08-15 14:00:00,6,60.47,1,1,1,1,1.0
sfc_temp_site1_anomaly_score,47.41,2022-08-16 09:00:00,2022-08-16 11:00:00,3,55.8,1,1,1,1,1.0
sfc_temp_site1_anomaly_score,47.41,2022-08-16 13:00:00,2022-08-16 13:00:00,1,53.05,1,1,1,1,1.0
sfc_temp_site1_anomaly_score,47.41,2022-08-17 08:00:00,2022-08-17 15:00:00,8,74.18,1,1,1,1,1.0
sfc_temp_site1_anomaly_score,47.41,2022-08-18 08:00:00,2022-08-18 15:00:00,8,74.29,1,1,1,1,1.0
sfc_temp_site1_anomaly_score,47.41,2022-08-19 09:00:00,2022-08-19 12:00:00,4,67.34,1,1,1,1,1.0
sfc_temp_site1_anomaly_score,47.41,2022-08-25 09:00:00,2022-08-25 14:00:00,6,64.98,1,1,1,1,15.0
sfc_temp_site1_anomaly_score,47.41,2022-08-26 09:00:00,2022-08-26 12:00:00,4,74.43,1,1,1,1,1.0
sfc_temp_site1_anomaly_score,47.41,2022-08-27 10:00:00,2022-08-27 14:00:00,5,55.8,1,1,1,1,1.0
sfc_temp_site1_anomaly_score,47.41,2022-08-29 12:00:00,2022-08-29 12:00:00,1,48.11,1,1,1,1,1.0
sfc_temp_site1_anomaly_score,47.41,2022-09-01 02:00:00,2022-09-01 07:00:00,6,83.53,1,1,1,1,1.0
sfc_temp_site1_anomaly_score,47.41,2022-09-08 13:00:00,2022-09-08 14:00:00,2,49.17,1,1,1,1,1.0
sfc_temp_site1_anomaly_score,47.41,2022-10-03 19:00:00,2022-10-03 20:00:00,2,61.54,1,1,1,1,1.0
sfc_temp_site1_anomaly_score,47.41,2022-10-03 22:00:00,2022-10-03 23:00:00,2,59.92,1,1,1,1,1.0
sfc_temp_site1_anomaly_score,47.41,2022-11-01 22:00:00,2022-11-01 23:00:00,2,56.57,1,1,1,1,1.0
sfc_temp_site1_anomaly_score,47.41,2022-11-03 00:00:00,2022-11-03 06:00:00,7,91.08,1,1,1,1,1.0
sfc_temp_site1_anomaly_score,47.41,2022-11-03 18:00:00,2022-11-03 23:00:00,6,73.08,1,1,1,1,1.0
sfc_temp_site1_anomaly_score,47.41,2022-12-01 00:00:00,2022-12-01 07:00:00,8,76.06,1,1,1,1,1.0
sfc_temp_site1_anomaly_score,47.41,2022-12-01 17:00:00,2022-12-01 22:00:00,6,61.54,1,1,1,1,1.0
sfc_temp_site1_anomaly_score,47.41,2022-12-03 00:00:00,2022-12-03 05:00:00,6,85.74,1,1,1,1,1.0
sfc_temp_site1_anomaly_score,47.41,2022-12-03 18:00:00,2022-12-03 23:00:00,6,68.76,1,1,1,1,1.0
sfc_temp_site1_anomaly_score,47.41,2022-12-08 12:00:00,2022-12-08 12:00:00,1,47.73,1,1,1,1,1.0
sfc_temp_site1_anomaly_score,47.41,2022-12-13 03:00:00,2022-12-13 03:00:00,1,55.41,1,1,1,1,1.0
sfc_temp_site1_anomaly_score,47.41,2022-12-13 15:00:00,2022-12-14 02:00:00,12,92.35,1,1,1,1,1.0
sfc_temp_site1_anomaly_score,47.41,2022-12-17 19:00:00,2022-12-18 07:00:00,13,85.59,1,1,1,1,1.0
sfc_temp_site1_anomaly_score,47.41,2022-12-18 15:00:00,2022-12-19 00:00:00,10,83.82,1,1,1,1,1.0
sfc_temp_site1_anomaly_score,47.41,2022-12-19 02:00:00,2022-12-19 03:00:00,2,50.24,1,1,1,1,1.0
sfc_temp_site1_anomaly_score,47.41,2022-12-19 06:00:00,2022-12-19 06:00:00,1,55.41,1,1,1,1,1.0
sfc_temp_site1_anomaly_score,47.41,2022-12-28 01:00:00,2022-12-28 06:00:00,6,59.66,0,0,0,0,
temp_site1_anomaly_score,47.88,2022-01-07 06:00:00,2022-01-07 18:00:00,13,93.39,1,1,1,1,18.0
temp_site1_anomaly_score,47.88,2022-01-13 00:00:00,2022-01-13 02:00:00,3,65.74,1,1,1,1,1.0
temp_site1_anomaly_score,47.88,2022-01-15 23:00:00,2022-01-16 07:00:00,9,76.96,1,1,1,1,1.0
temp_site1_anomaly_score,47.88,2022-01-19 04:00:00,2022-01-19 07:00:00,4,82.76,1,1,1,1,1.0
temp_site1_anomaly_score,47.88,2022-01-21 06:00:00,2022-01-21 07:00:00,2,53.86,1,1,1,1,1.0
temp_site1_anomaly_score,47.88,2022-01-23 00:00:00,2022-01-23 07:00:00,8,86.48,1,1,1,1,1.0
temp_site1_anomaly_score,47.88,2022-01-23 20:00:00,2022-01-23 20:00:00,1,51.35,1,1,1,1,1.0
temp_site1_anomaly_score,47.88,2022-01-24 00:00:00,2022-01-24 07:00:00,8,92.74,1,1,1,1,1.0
temp_site1_anomaly_score,47.88,2022-01-24 16:00:00,2022-01-25 00:00:00,9,88.87,1,1,1,1,1.0
temp_site1_anomaly_score,47.88,2022-01-29 05:00:00,2022-01-29 07:00:00,3,68.79,1,1,1,1,1.0
temp_site1_anomaly_score,47.88,2022-02-08 12:00:00,2022-02-08 12:00:00,1,48.32,1,1,1,1,1.0
temp_site1_anomaly_score,47.88,2022-02-08 14:00:00,2022-02-08 14:00:00,1,48.43,1,1,1,1,1.0
temp_site1_anomaly_score,47.88,2022-03-07 11:00:00,2022-03-07 16:00:00,6,64.77,1,1,1,1,13.0
temp_site1_anomaly_score,47.88,2022-03-08 10:00:00,2022-03-08 16:00:00,7,62.49,1,1,1,1,1.0
temp_site1_anomaly_score,47.88,2022-03-13 00:00:00,2022-03-13 01:00:00,2,51.62,1,1,1,1,1.0
temp_site1_anomaly_score,47.88,2022-03-13 04:00:00,2022-03-13 04:00:00,1,51.08,1,1,1,1,1.0
temp_site1_anomaly_score,47.88,2022-04-04 01:00:00,2022-04-04 04:00:00,4,70.2,0,1,1,1,47.0
temp_site1_anomaly_score,47.88,2022-04-07 07:00:00,2022-04-07 16:00:00,10,70.3,1,1,1,1,17.0
temp_site1_anomaly_score,47.88,2022-04-08 09:00:00,2022-04-08 16:00:00,8,72.11,1,1,1,1,1.0
temp_site1_anomaly_score,47.88,2022-05-08 07:00:00,2022-05-08 17:00:00,11,91.28,1,1,1,1,1.0
temp_site1_anomaly_score,47.88,2022-06-20 09:00:00,2022-06-20 16:00:00,8,64.13,1,1,1,1,1.0
temp_site1_anomaly_score,47.88,2022-06-23 14:00:00,2022-06-23 14:00:00,1,48.75,1,1,1,1,1.0
temp_site1_anomaly_score,47.88,2022-06-24 13:00:00,2022-06-24 14:00:00,2,50.68,1,1,1,1,1.0
temp_site1_anomaly_score,47.88,2022-06-26 10:00:00,2022-06-26 16:00:00,7,62.89,1,1,1,1,1.0
temp_site1_anomaly_score,47.88,2022-06-27 09:00:00,2022-06-27 17:00:00,9,70.3,1,1,1,1,1.0
temp_site1_anomaly_score,47.88,2022-06-28 11:00:00,2022-06-28 16:00:00,6,62.35,1,1,1,1,1.0
temp_site1_anomaly_score,47.88,2022-06-29 07:00:00,2022-06-29 17:00:00,11,92.9,1,1,1,1,1.0
temp_site1_anomaly_score,47.88,2022-06-30 06:00:00,2022-06-30 18:00:00,13,97.0,1,1,1,1,1.0
temp_site1_anomaly_score,47.88,2022-07-01 01:00:00,2022-07-01 07:00:00,7,90.47,1,1,1,1,1.0
temp_site1_anomaly_score,47.88,2022-07-01 16:00:00,2022-07-01 23:00:00,8,76.2,1,1,1,1,1.0
temp_site1_anomaly_score,47.88,2022-07-13 15:00:00,2022-07-13 16:00:00,2,53.17,1,1,1,1,1.0
temp_site1_anomaly_score,47.88,2022-07-14 11:00:00,2022-07-14 17:00:00,7,82.24,1,1,1,1,1.0
temp_site1_anomaly_score,47.88,2022-07-18 12:00:00,2022-07-18 15:00:00,4,50.41,1,1,1,1,1.0
temp_site1_anomaly_score,47.88,2022-07-19 09:00:00,2022-07-19 16:00:00,8,74.66,1,1,1,1,1.0
temp_site1_anomaly_score,47.88,2022-07-20 07:00:00,2022-07-20 17:00:00,11,96.18,1,1,1,1,1.0
temp_site1_anomaly_score,47.88,2022-07-21 06:00:00,2022-07-21 18:00:00,13,100.0,1,1,1,1,1.0
temp_site1_anomaly_score,47.88,2022-07-22 07:00:00,2022-07-22 17:00:00,11,98.33,1,1,1,1,1.0
temp_site1_anomaly_score,47.88,2022-07-23 06:00:00,2022-07-23 15:00:00,10,98.5,1,1,1,1,1.0
temp_site1_anomaly_score,47.88,2022-07-24 10:00:00,2022-07-24 16:00:00,7,60.71,1,1,1,1,1.0
temp_site1_anomaly_score,47.88,2022-07-25 10:00:00,2022-07-25 17:00:00,8,73.01,1,1,1,1,1.0
temp_site1_anomaly_score,47.88,2022-07-28 11:00:00,2022-07-28 14:00:00,4,59.23,1,1,1,1,1.0
temp_site1_anomaly_score,47.88,2022-07-29 08:00:00,2022-07-29 13:00:00,6,72.11,1,1,1,1,1.0
temp_site1_anomaly_score,47.88,2022-08-01 00:00:00,2022-08-01 07:00:00,8,90.79,1,1,1,1,1.0
temp_site1_anomaly_score,47.88,2022-08-14 12:00:00,2022-08-14 15:00:00,4,53.87,1,1,1,1,1.0
temp_site1_anomaly_score,47.88,2022-08-15 10:00:00,2022-08-15 15:00:00,6,65.06,1,1,1,1,1.0
temp_site1_anomaly_score,47.88,2022-08-16 08:00:00,2022-08-16 15:00:00,8,65.33,1,1,1,1,1.0
temp_site1_anomaly_score,47.88,2022-08-17 07:00:00,2022-08-17 16:00:00,10,83.18,1,1,1,1,1.0
temp_site1_anomaly_score,47.88,2022-08-18 07:00:00,2022-08-18 17:00:00,11,88.39,1,1,1,1,1.0
temp_site1_anomaly_score,47.88,2022-08-19 07:00:00,2022-08-19 14:00:00,8,87.75,1,1,1,1,1.0
temp_site1_anomaly_score,47.88,2022-08-25 11:00:00,2022-08-25 15:00:00,5,59.72,1,1,1,1,13.0
temp_site1_anomaly_score,47.88,2022-08-26 08:00:00,2022-08-26 13:00:00,6,64.77,1,1,1,1,1.0
temp_site1_anomaly_score,47.88,2022-08-27 10:00:00,2022-08-27 15:00:00,6,61.63,1,1,1,1,1.0
temp_site1_anomaly_score,47.88,2022-09-01 02:00:00,2022-09-01 07:00:00,6,84.74,1,1,1,1,1.0
temp_site1_anomaly_score,47.88,2022-09-08 13:00:00,2022-09-08 14:00:00,2,50.14,1,1,1,1,1.0
temp_site1_anomaly_score,47.88,2022-10-03 23:00:00,2022-10-03 23:00:00,1,60.37,1,1,1,1,1.0
temp_site1_anomaly_score,47.88,2022-11-01 22:00:00,2022-11-01 23:00:00,2,57.74,1,1,1,1,1.0
temp_site1_anomaly_score,47.88,2022-11-03 00:00:00,2022-11-03 06:00:00,7,91.6,1,1,1,1,1.0
temp_site1_anomaly_score,47.88,2022-11-03 20:00:00,2022-11-03 21:00:00,2,51.76,1,1,1,1,1.0
temp_site1_anomaly_score,47.88,2022-11-03 23:00:00,2022-11-03 23:00:00,1,50.82,1,1,1,1,1.0
temp_site1_anomaly_score,47.88,2022-12-01 00:00:00,2022-12-01 07:00:00,8,83.07,1,1,1,1,1.0
temp_site1_anomaly_score,47.88,2022-12-01 16:00:00,2022-12-01 23:00:00,8,73.13,1,1,1,1,1.0
temp_site1_anomaly_score,47.88,2022-12-03 00:00:00,2022-12-03 05:00:00,6,82.76,1,1,1,1,1.0
temp_site1_anomaly_score,47.88,2022-12-12 05:00:00,2022-12-12 09:00:00,5,59.69,1,1,1,1,1.0
temp_site1_anomaly_score,47.88,2022-12-12 21:00:00,2022-12-12 22:00:00,2,54.0,1,1,1,1,1.0
temp_site1_anomaly_score,47.88,2022-12-13 03:00:00,2022-12-13 06:00:00,4,62.78,1,1,1,1,1.0
temp_site1_anomaly_score,47.88,2022-12-13 15:00:00,2022-12-14 04:00:00,14,91.76,1,1,1,1,1.0
temp_site1_anomaly_score,47.88,2022-12-17 20:00:00,2022-12-18 08:00:00,13,91.76,1,1,1,1,1.0
temp_site1_anomaly_score,47.88,2022-12-18 16:00:00,2022-12-19 00:00:00,9,83.22,1,1,1,1,1.0
